<?xml version='1.0' encoding="UTF-8" standalone="no" ?>
<WMS_Capabilities version="1.3.0"  xmlns="http://www.opengis.net/wms"   xmlns:sld="http://www.opengis.net/sld"   xmlns:xsi="http://www.w3.org/2001/XMLSchema-instance"   xmlns:ms="http://mapserver.gis.umn.edu/mapserver"   xmlns:inspire_common="http://inspire.ec.europa.eu/schemas/common/1.0"   xmlns:inspire_vs="http://inspire.ec.europa.eu/schemas/inspire_vs/1.0"   xsi:schemaLocation="http://www.opengis.net/wms http://schemas.opengis.net/wms/1.3.0/capabilities_1_3_0.xsd  http://www.opengis.net/sld http://schemas.opengis.net/sld/1.1.0/sld_capabilities.xsd  http://inspire.ec.europa.eu/schemas/inspire_vs/1.0  http://inspire.ec.europa.eu/schemas/inspire_vs/1.0/inspire_vs.xsd http://mapserver.gis.umn.edu/mapserver https://inspire.brandenburg.de/services/gmk_wms?language=ger&amp;service=WMS&amp;version=1.3.0&amp;request=GetSchemaExtension">
<Service>
  <Name>WMS</Name>
  <Title>Darstellungsdienst: Geomorphografische Auswertungen (WMS-LBGR-GMK)</Title>
  <Abstract>Der Darstellungsdienst (WMS) Geomorphografische Auswertungen umfasst eine Sammlung geomorphometrischer und geomorphografischer Ableitungen, die aus dem Digitalen Höhenmodell für Brandenburg berechnet wurden. 1. Lokale Parameter: Hangneigung, Exposition, Divergenz-Konvergenz Index; 2. Komplexe Parameter: Höhe über Tiefenlinie (dicht), Höhe über Tiefenlinie (ausgedünnt), Tiefenlinien (dicht), Tiefenlinien (ausgedünnt), Kulminationslinien, Höhe unter Kulminationslinie, Potentieller Bodenfeuchteindex, Multiresolution Index for Valley Bottom Flatness; 3. Kombinierte Parameter: Scheitelbereichsindex, Terrain Classification Index for Lowlands; 4. Geomorphografische Karten: Reliefeinheiten 1, Reliefeinheiten 2 (glaziale Hochflächen undifferenziert), Reliefeinheiten 2 (glaziale Hochflächen differenziert), Senkenbereiche (klassifiziert), Geschlossene Hohlformen.</Abstract>
  <KeywordList>
      <Keyword>WMS</Keyword>
      <Keyword>infoMapAccessService</Keyword>
      <Keyword>Boden</Keyword>
      <Keyword>Bodenkunde</Keyword>
      <Keyword>Geologie</Keyword>
      <Keyword>Bodenfeuchtigkeit</Keyword>
      <Keyword>Geomorphologie</Keyword>
      <Keyword>Bodenfeuchteindex</Keyword>
      <Keyword>Exposition</Keyword>
      <Keyword>Geländeerhebung</Keyword>
      <Keyword>Geländemodell</Keyword>
      <Keyword>Hangneigung</Keyword>
      <Keyword>Hohlform</Keyword>
      <Keyword>Ableitungen</Keyword>
      <Keyword>Divergenz-KonvergenzIndex</Keyword>
      <Keyword>Klassifizierungen</Keyword>
      <Keyword>Kulminationslinie</Keyword>
      <Keyword>Landschaftseinheiten</Keyword>
      <Keyword>MultiresolutionIndex for Valley Bottom Flatness</Keyword>
      <Keyword>Neigung</Keyword>
      <Keyword>Reliefeinheiten</Keyword>
      <Keyword>Scheitelbereichsindex</Keyword>
      <Keyword>Senken</Keyword>
      <Keyword>Senkenbereiche</Keyword>
      <Keyword>Terrain Classification</Keyword>
      <Keyword>Tiefenlinien</Keyword>
  </KeywordList>
  <OnlineResource xmlns:xlink="http://www.w3.org/1999/xlink" xlink:href="https://geoportal.brandenburg.de/detailansichtdienst/render?view=gdibb&amp;url=https%3A%2F%2Fgeoportal.brandenburg.de%2Fgs-json%2Fxml%3Ffileid%3D39c760b1-5e10-4d36-a25b-83cc1567c14c"/>
  <ContactInformation>
    <ContactPersonPrimary>
      <ContactPerson>INSPIRE-Zentrale im Land Brandenburg</ContactPerson>
      <ContactOrganization>Landesvermessung und Geobasisinformation Brandenburg (LGB)</ContactOrganization>
    </ContactPersonPrimary>
      <ContactPosition>Kundenservice</ContactPosition>
    <ContactAddress>
        <AddressType>Strasse und Hausnummer</AddressType>
        <Address>Heinrich-Mann-Allee 104 B</Address>
        <City>Potsdam</City>
        <StateOrProvince>Brandenburg</StateOrProvince>
        <PostCode>14473</PostCode>
        <Country>Deutschland</Country>
    </ContactAddress>
      <ContactVoiceTelephone>+49-331-8844-123</ContactVoiceTelephone>
      <ContactFacsimileTelephone>+49-331-8844-16123</ContactFacsimileTelephone>
  <ContactElectronicMailAddress>zentrale@inspire.brandenburg.de</ContactElectronicMailAddress>
  </ContactInformation>
  <Fees>Nutzung erfolgt derzeit kostenfrei unter Beachtung des Urheberrechts. Die dargestellten Inhalte wurden für den Maßstab 1 : 300.000 erstellt und sind für Darstellungen in Maßstäben größer 1 : 100.000 nicht geeignet.</Fees>
  <AccessConstraints>Die Daten können gemäß der „Datenlizenz Deutschland - Namensnennung - Version 2.0“ (https://www.govdata.de/dl-de/by-2-0) genutzt werden. Als Bezeichnung des Bereitstellers ist „© Landesamt für Bergbau, Geologie und Rohstoffe Brandenburg“ anzugeben.</AccessConstraints>
  <MaxWidth>15000</MaxWidth>
  <MaxHeight>15000</MaxHeight>
</Service>

<Capability>
  <Request>
    <GetCapabilities>
      <Format>text/xml</Format>
      <DCPType>
        <HTTP>
          <Get><OnlineResource xmlns:xlink="http://www.w3.org/1999/xlink" xlink:href="https://inspire.brandenburg.de/services/gmk_wms?language=ger&amp;"/></Get>
          <Post><OnlineResource xmlns:xlink="http://www.w3.org/1999/xlink" xlink:href="https://inspire.brandenburg.de/services/gmk_wms?language=ger&amp;"/></Post>
        </HTTP>
      </DCPType>
    </GetCapabilities>
    <GetMap>
      <Format>image/png</Format>
      <Format>image/jpeg</Format>
      <Format>image/gif</Format>
      <Format>image/tiff</Format>
      <DCPType>
        <HTTP>
          <Get><OnlineResource xmlns:xlink="http://www.w3.org/1999/xlink" xlink:href="https://inspire.brandenburg.de/services/gmk_wms?language=ger&amp;"/></Get>
          <Post><OnlineResource xmlns:xlink="http://www.w3.org/1999/xlink" xlink:href="https://inspire.brandenburg.de/services/gmk_wms?language=ger&amp;"/></Post>
        </HTTP>
      </DCPType>
    </GetMap>
    <GetFeatureInfo>
      <Format>text/html</Format>
      <Format>application/vnd.ogc.gml</Format>
      <Format>text/plain</Format>
      <DCPType>
        <HTTP>
          <Get><OnlineResource xmlns:xlink="http://www.w3.org/1999/xlink" xlink:href="https://inspire.brandenburg.de/services/gmk_wms?language=ger&amp;"/></Get>
          <Post><OnlineResource xmlns:xlink="http://www.w3.org/1999/xlink" xlink:href="https://inspire.brandenburg.de/services/gmk_wms?language=ger&amp;"/></Post>
        </HTTP>
      </DCPType>
    </GetFeatureInfo>
    <sld:GetLegendGraphic>
      <Format>image/jpeg</Format>
      <Format>image/png</Format>
      <Format>image/gif</Format>
      <Format>image/png; mode=8bit</Format>
      <Format>image/vnd.jpeg-png</Format>
      <Format>image/vnd.jpeg-png8</Format>
      <DCPType>
        <HTTP>
          <Get><OnlineResource xmlns:xlink="http://www.w3.org/1999/xlink" xlink:href="https://inspire.brandenburg.de/services/gmk_wms?language=ger&amp;"/></Get>
          <Post><OnlineResource xmlns:xlink="http://www.w3.org/1999/xlink" xlink:href="https://inspire.brandenburg.de/services/gmk_wms?language=ger&amp;"/></Post>
        </HTTP>
      </DCPType>
    </sld:GetLegendGraphic>
  </Request>
  <Exception>
    <Format>XML</Format>
    <Format>INIMAGE</Format>
    <Format>BLANK</Format>
  </Exception>
  <sld:UserDefinedSymbolization SupportSLD="1" UserLayer="0" UserStyle="1" RemoteWFS="0" InlineFeature="0" RemoteWCS="0"/>
  <inspire_vs:ExtendedCapabilities>
    <inspire_common:MetadataUrl xsi:type="inspire_common:resourceLocatorType">
      <inspire_common:URL>https://geoportal.brandenburg.de/gs-json/xml?fileid=39c760b1-5e10-4d36-a25b-83cc1567c14c</inspire_common:URL>
      <inspire_common:MediaType>application/vnd.ogc.csw.GetRecordByIdResponse_xml</inspire_common:MediaType>
    </inspire_common:MetadataUrl>
    <inspire_common:SupportedLanguages>
      <inspire_common:DefaultLanguage><inspire_common:Language>ger</inspire_common:Language></inspire_common:DefaultLanguage>
    </inspire_common:SupportedLanguages>
    <inspire_common:ResponseLanguage><inspire_common:Language>ger</inspire_common:Language></inspire_common:ResponseLanguage>
  </inspire_vs:ExtendedCapabilities>
  <Layer queryable="1">
    <Name>GMK</Name>
    <Title>Geomorphografische Auswertungen</Title>
    <Abstract>Geomorphografische Auswertungen in Brandenburg</Abstract>
    <KeywordList>
        <Keyword>WMS</Keyword>
        <Keyword>infoMapAccessService</Keyword>
        <Keyword>Boden</Keyword>
        <Keyword>Bodenkunde</Keyword>
        <Keyword>Geologie</Keyword>
        <Keyword>Bodenfeuchtigkeit</Keyword>
        <Keyword>Geomorphologie</Keyword>
        <Keyword>Bodenfeuchteindex</Keyword>
        <Keyword>Exposition</Keyword>
        <Keyword>Geländeerhebung</Keyword>
        <Keyword>Geländemodell</Keyword>
        <Keyword>Hangneigung</Keyword>
        <Keyword>Hohlform</Keyword>
        <Keyword>Ableitungen</Keyword>
        <Keyword>Divergenz-KonvergenzIndex</Keyword>
        <Keyword>Klassifizierungen</Keyword>
        <Keyword>Kulminationslinie</Keyword>
        <Keyword>Landschaftseinheiten</Keyword>
        <Keyword>MultiresolutionIndex for Valley Bottom Flatness</Keyword>
        <Keyword>Neigung</Keyword>
        <Keyword>Reliefeinheiten</Keyword>
        <Keyword>Scheitelbereichsindex</Keyword>
        <Keyword>Senken</Keyword>
        <Keyword>Senkenbereiche</Keyword>
        <Keyword>Terrain Classification</Keyword>
        <Keyword>Tiefenlinien</Keyword>
    </KeywordList>
    <CRS>EPSG:25833</CRS>
    <CRS>EPSG:25832</CRS>
    <CRS>EPSG:4326</CRS>
    <CRS>EPSG:4258</CRS>
    <CRS>EPSG:3034</CRS>
    <CRS>EPSG:3035</CRS>
    <CRS>EPSG:3044</CRS>
    <CRS>EPSG:3045</CRS>
    <CRS>EPSG:3857</CRS>
    <CRS>EPSG:4839</CRS>
    <EX_GeographicBoundingBox>
        <westBoundLongitude>10.897849</westBoundLongitude>
        <eastBoundLongitude>14.904938</eastBoundLongitude>
        <southBoundLatitude>51.299996</southBoundLatitude>
        <northBoundLatitude>53.599995</northBoundLatitude>
    </EX_GeographicBoundingBox>
    <BoundingBox CRS="EPSG:25833"
                minx="228152" miny="5.69041e+06" maxx="493382" maxy="5.93902e+06" />
    <BoundingBox CRS="EPSG:25832"
                minx="625795" miny="5.68528e+06" maxx="910928" maxy="5.95521e+06" />
    <BoundingBox CRS="EPSG:4326"
                minx="51.299996" miny="10.897849" maxx="53.599995" maxy="14.904938" />
    <BoundingBox CRS="EPSG:4258"
                minx="51.299996" miny="10.897849" maxx="53.599995" maxy="14.904938" />
    <BoundingBox CRS="EPSG:3034"
                minx="2.72534e+06" miny="4.05756e+06" maxx="2.98243e+06" maxy="4.32964e+06" />
    <BoundingBox CRS="EPSG:3035"
                minx="3.13269e+06" miny="4.38054e+06" maxx="3.399e+06" maxy="4.66231e+06" />
    <BoundingBox CRS="EPSG:3044"
                minx="5.68528e+06" miny="625795" maxx="5.95521e+06" maxy="910928" />
    <BoundingBox CRS="EPSG:3045"
                minx="5.69041e+06" miny="228152" maxx="5.93902e+06" maxy="493382" />
    <BoundingBox CRS="EPSG:3857"
                minx="1.21314e+06" miny="6.67453e+06" maxx="1.65921e+06" maxy="7.09476e+06" />
    <BoundingBox CRS="EPSG:4839"
                minx="33513.8" miny="26379.6" maxx="297827" maxy="306311" />
    <AuthorityURL name="lbgr-brandenburg">
      <OnlineResource xmlns:xlink="http://www.w3.org/1999/xlink" xlink:href="https://registry.gdi-de.org/id/de.bb.metadata"/>
    </AuthorityURL>
    <Style>
       <Name>default</Name>
       <Title>Geomorphografische_Auswertungen</Title>
       <LegendURL width="324" height="3389">
          <Format>image/png</Format>
          <OnlineResource xmlns:xlink="http://www.w3.org/1999/xlink" xlink:type="simple" xlink:href="https://inspire.brandenburg.de/services/gmk_wms?language=ger&amp;version=1.3.0&amp;service=WMS&amp;request=GetLegendGraphic&amp;sld_version=1.1.0&amp;layer=GMK&amp;format=image/png&amp;STYLE=default"/>
       </LegendURL>
    </Style>
    <Layer queryable="1">
      <Name>parameter_lokal</Name>
      <Title>Lokale Parameter</Title>
      <Abstract>Dargestellt werden Hangneigung, Exposition, Divergenz-Konvergenz.</Abstract>
    <Style>
       <Name>default</Name>
       <Title>default</Title>
       <LegendURL width="320" height="569">
          <Format>image/png</Format>
          <OnlineResource xmlns:xlink="http://www.w3.org/1999/xlink" xlink:type="simple" xlink:href="https://inspire.brandenburg.de/services/gmk_wms?language=ger&amp;version=1.3.0&amp;service=WMS&amp;request=GetLegendGraphic&amp;sld_version=1.1.0&amp;layer=parameter_lokal&amp;format=image/png&amp;STYLE=default"/>
       </LegendURL>
    </Style>
      <Layer queryable="1" opaque="0" cascaded="0">
        <Name>neig</Name>
        <Title>Hangneigung</Title>
        <Abstract>Der Datensatz beinhaltet Daten des LBGR über die Hangneigung und wird über je einen Darstellungs- und Downloaddienst bereitgestellt. Die Hangneigung gibt die Neigungsstärke in Richtung des stärksten Gefälles (Exposition) an. Sie wird auf der Basis des jeweiligen Höhenwertes der Rasterzelle und ihrer acht direkten Nachbarn berechnet. Hierbei besitzen Senken, tiefliegende Verflachungen sowie höher gelegene Plateaus geringe und die dazwischen befindlichen Hänge erhöhte Neigungsgrade.</Abstract>
        <CRS>EPSG:25833</CRS>
        <CRS>EPSG:25832</CRS>
        <CRS>EPSG:4326</CRS>
        <CRS>EPSG:4258</CRS>
        <CRS>EPSG:3034</CRS>
        <CRS>EPSG:3035</CRS>
        <CRS>EPSG:3044</CRS>
        <CRS>EPSG:3045</CRS>
        <CRS>EPSG:3857</CRS>
        <CRS>EPSG:4839</CRS>
        <EX_GeographicBoundingBox>
            <westBoundLongitude>10.897849</westBoundLongitude>
            <eastBoundLongitude>14.904938</eastBoundLongitude>
            <southBoundLatitude>51.299996</southBoundLatitude>
            <northBoundLatitude>53.599995</northBoundLatitude>
        </EX_GeographicBoundingBox>
        <BoundingBox CRS="EPSG:25833"
                    minx="228152" miny="5.69041e+06" maxx="493382" maxy="5.93902e+06" />
        <BoundingBox CRS="EPSG:25832"
                    minx="625795" miny="5.68528e+06" maxx="910928" maxy="5.95521e+06" />
        <BoundingBox CRS="EPSG:4326"
                    minx="51.299996" miny="10.897849" maxx="53.599995" maxy="14.904938" />
        <BoundingBox CRS="EPSG:4258"
                    minx="51.299996" miny="10.897849" maxx="53.599995" maxy="14.904938" />
        <BoundingBox CRS="EPSG:3034"
                    minx="2.72534e+06" miny="4.05756e+06" maxx="2.98243e+06" maxy="4.32964e+06" />
        <BoundingBox CRS="EPSG:3035"
                    minx="3.13269e+06" miny="4.38054e+06" maxx="3.399e+06" maxy="4.66231e+06" />
        <BoundingBox CRS="EPSG:3044"
                    minx="5.68528e+06" miny="625795" maxx="5.95521e+06" maxy="910928" />
        <BoundingBox CRS="EPSG:3045"
                    minx="5.69041e+06" miny="228152" maxx="5.93902e+06" maxy="493382" />
        <BoundingBox CRS="EPSG:3857"
                    minx="1.21314e+06" miny="6.67453e+06" maxx="1.65921e+06" maxy="7.09476e+06" />
        <BoundingBox CRS="EPSG:4839"
                    minx="33513.8" miny="26379.6" maxx="297827" maxy="306311" />
        <Identifier authority="lbgr-brandenburg">173c5a3c-d4c9-46a9-924a-30639abd0720</Identifier>
        <MetadataURL type="ISO19115:2003">
          <Format>application/vnd.ogc.csw.GetRecordByIdResponse_xml</Format>
          <OnlineResource xmlns:xlink="http://www.w3.org/1999/xlink" xlink:type="simple" xlink:href="https://geoportal.brandenburg.de/gs-json/xml?fileid=173c5a3c-d4c9-46a9-924a-30639abd0720"/>
        </MetadataURL>
        <MinScaleDenominator>1</MinScaleDenominator>
        <MaxScaleDenominator>3e+06</MaxScaleDenominator>
      </Layer>
      <Layer queryable="1" opaque="0" cascaded="0">
        <Name>exp</Name>
        <Title>Exposition</Title>
        <Abstract>Der Datensatz beinhaltet Daten des LBGR über die Exposition und wird über je einen Darstellungs- und Downloaddienst bereitgestellt. Die Exposition kennzeichnet die Himmelsrichtung der stärksten Hangneigung. Die Darstellungen in der Karte beziehen sich auf die 8 Himmelsrichtungen (N, NO, O, SO, S, SW, W, NW). Zellen, deren Hangneigung den Wert null aufweisen, sind bzgl. der Hangneigungsrichtung nicht definiert (-1). Derartige Fälle kommen in der Regel in Seen und anderen stillen Gewässern, sowie in ruhigen Bach- oder Flussläufen vor.</Abstract>
        <CRS>EPSG:25833</CRS>
        <CRS>EPSG:25832</CRS>
        <CRS>EPSG:4326</CRS>
        <CRS>EPSG:4258</CRS>
        <CRS>EPSG:3034</CRS>
        <CRS>EPSG:3035</CRS>
        <CRS>EPSG:3044</CRS>
        <CRS>EPSG:3045</CRS>
        <CRS>EPSG:3857</CRS>
        <CRS>EPSG:4839</CRS>
        <EX_GeographicBoundingBox>
            <westBoundLongitude>10.897849</westBoundLongitude>
            <eastBoundLongitude>14.904938</eastBoundLongitude>
            <southBoundLatitude>51.299996</southBoundLatitude>
            <northBoundLatitude>53.599995</northBoundLatitude>
        </EX_GeographicBoundingBox>
        <BoundingBox CRS="EPSG:25833"
                    minx="228152" miny="5.69041e+06" maxx="493382" maxy="5.93902e+06" />
        <BoundingBox CRS="EPSG:25832"
                    minx="625795" miny="5.68528e+06" maxx="910928" maxy="5.95521e+06" />
        <BoundingBox CRS="EPSG:4326"
                    minx="51.299996" miny="10.897849" maxx="53.599995" maxy="14.904938" />
        <BoundingBox CRS="EPSG:4258"
                    minx="51.299996" miny="10.897849" maxx="53.599995" maxy="14.904938" />
        <BoundingBox CRS="EPSG:3034"
                    minx="2.72534e+06" miny="4.05756e+06" maxx="2.98243e+06" maxy="4.32964e+06" />
        <BoundingBox CRS="EPSG:3035"
                    minx="3.13269e+06" miny="4.38054e+06" maxx="3.399e+06" maxy="4.66231e+06" />
        <BoundingBox CRS="EPSG:3044"
                    minx="5.68528e+06" miny="625795" maxx="5.95521e+06" maxy="910928" />
        <BoundingBox CRS="EPSG:3045"
                    minx="5.69041e+06" miny="228152" maxx="5.93902e+06" maxy="493382" />
        <BoundingBox CRS="EPSG:3857"
                    minx="1.21314e+06" miny="6.67453e+06" maxx="1.65921e+06" maxy="7.09476e+06" />
        <BoundingBox CRS="EPSG:4839"
                    minx="33513.8" miny="26379.6" maxx="297827" maxy="306311" />
        <Identifier authority="lbgr-brandenburg">2faa0740-1c86-4321-9357-a57ae1bf5d33</Identifier>
        <MetadataURL type="ISO19115:2003">
          <Format>application/vnd.ogc.csw.GetRecordByIdResponse_xml</Format>
          <OnlineResource xmlns:xlink="http://www.w3.org/1999/xlink" xlink:type="simple" xlink:href="https://geoportal.brandenburg.de/gs-json/xml?fileid=2faa0740-1c86-4321-9357-a57ae1bf5d33"/>
        </MetadataURL>
        <MinScaleDenominator>1</MinScaleDenominator>
        <MaxScaleDenominator>3e+06</MaxScaleDenominator>
      </Layer>
      <Layer queryable="1" opaque="0" cascaded="0">
        <Name>dki</Name>
        <Title>Divergenz-Konvergenz Index</Title>
        <Abstract>Der Datensatz beinhaltet Daten des LBGR über den Divergenz-Konvergenz Index und wird über je einen Darstellungs- und Downloaddienst bereitgestellt. Der Divergenz-Konvergenz Index ist ein Reliefparameter zur Bestimmung der lokalen, zellbezogenen Abflussverhältnisse. Dabei sind konvergente Zellen (Wertebereich &lt; 0) Flächen, in denen der Abfluss zusammenfließt (z.B. enge Taleinschnitte), divergente Gebiete (Wertebereich &gt; 0) lassen auf eine Verteilung des Wassers schließen (z.B. Bergrücken). Werte um 0 stehen für parallele Abflussverhältnisse.</Abstract>
        <CRS>EPSG:25833</CRS>
        <CRS>EPSG:25832</CRS>
        <CRS>EPSG:4326</CRS>
        <CRS>EPSG:4258</CRS>
        <CRS>EPSG:3034</CRS>
        <CRS>EPSG:3035</CRS>
        <CRS>EPSG:3044</CRS>
        <CRS>EPSG:3045</CRS>
        <CRS>EPSG:3857</CRS>
        <CRS>EPSG:4839</CRS>
        <EX_GeographicBoundingBox>
            <westBoundLongitude>10.897849</westBoundLongitude>
            <eastBoundLongitude>14.904938</eastBoundLongitude>
            <southBoundLatitude>51.299996</southBoundLatitude>
            <northBoundLatitude>53.599995</northBoundLatitude>
        </EX_GeographicBoundingBox>
        <BoundingBox CRS="EPSG:25833"
                    minx="228152" miny="5.69041e+06" maxx="493382" maxy="5.93902e+06" />
        <BoundingBox CRS="EPSG:25832"
                    minx="625795" miny="5.68528e+06" maxx="910928" maxy="5.95521e+06" />
        <BoundingBox CRS="EPSG:4326"
                    minx="51.299996" miny="10.897849" maxx="53.599995" maxy="14.904938" />
        <BoundingBox CRS="EPSG:4258"
                    minx="51.299996" miny="10.897849" maxx="53.599995" maxy="14.904938" />
        <BoundingBox CRS="EPSG:3034"
                    minx="2.72534e+06" miny="4.05756e+06" maxx="2.98243e+06" maxy="4.32964e+06" />
        <BoundingBox CRS="EPSG:3035"
                    minx="3.13269e+06" miny="4.38054e+06" maxx="3.399e+06" maxy="4.66231e+06" />
        <BoundingBox CRS="EPSG:3044"
                    minx="5.68528e+06" miny="625795" maxx="5.95521e+06" maxy="910928" />
        <BoundingBox CRS="EPSG:3045"
                    minx="5.69041e+06" miny="228152" maxx="5.93902e+06" maxy="493382" />
        <BoundingBox CRS="EPSG:3857"
                    minx="1.21314e+06" miny="6.67453e+06" maxx="1.65921e+06" maxy="7.09476e+06" />
        <BoundingBox CRS="EPSG:4839"
                    minx="33513.8" miny="26379.6" maxx="297827" maxy="306311" />
        <Identifier authority="lbgr-brandenburg">c08bfa07-390c-4a67-a283-58101fcad231</Identifier>
        <MetadataURL type="ISO19115:2003">
          <Format>application/vnd.ogc.csw.GetRecordByIdResponse_xml</Format>
          <OnlineResource xmlns:xlink="http://www.w3.org/1999/xlink" xlink:type="simple" xlink:href="https://geoportal.brandenburg.de/gs-json/xml?fileid=c08bfa07-390c-4a67-a283-58101fcad231"/>
        </MetadataURL>
        <MinScaleDenominator>1</MinScaleDenominator>
        <MaxScaleDenominator>3e+06</MaxScaleDenominator>
      </Layer>
    </Layer>
    <Layer queryable="1">
      <Name>parameter_komplex</Name>
      <Title>Komplexe Parameter</Title>
      <Abstract>Dargestellt werden Höhe über Tiefenlinie (dicht), Höhe über Tiefenlinie (ausgedünnt), Tiefenlinien (dicht), Tiefenlinien (ausgedünnt), Kulminationslinien, Höhe unter Kulminationslinie, Potentieller Bodenfeuchteindex, Multiresolution Index for Valley Bottom Flatness.</Abstract>
    <Style>
       <Name>default</Name>
       <Title>default</Title>
       <LegendURL width="324" height="1509">
          <Format>image/png</Format>
          <OnlineResource xmlns:xlink="http://www.w3.org/1999/xlink" xlink:type="simple" xlink:href="https://inspire.brandenburg.de/services/gmk_wms?language=ger&amp;version=1.3.0&amp;service=WMS&amp;request=GetLegendGraphic&amp;sld_version=1.1.0&amp;layer=parameter_komplex&amp;format=image/png&amp;STYLE=default"/>
       </LegendURL>
    </Style>
      <Layer queryable="1" opaque="1" cascaded="0">
        <Name>hutl_dicht</Name>
        <Title>Höhe über Tiefenlinie (dicht)</Title>
        <Abstract>Der Datensatz beinhaltet Daten des LBGR über die Höhe über der Tiefenlinie und wird über je einen Darstellungs- und Downloaddienst bereitgestellt. Die Höhe über der Tiefenlinie kennzeichnet die relative Höhe über der lokalen Erosionsbasis. Sie ist abhängig vom berechneten Tiefenliniennetz.</Abstract>
        <CRS>EPSG:25833</CRS>
        <CRS>EPSG:25832</CRS>
        <CRS>EPSG:4326</CRS>
        <CRS>EPSG:4258</CRS>
        <CRS>EPSG:3034</CRS>
        <CRS>EPSG:3035</CRS>
        <CRS>EPSG:3044</CRS>
        <CRS>EPSG:3045</CRS>
        <CRS>EPSG:3857</CRS>
        <CRS>EPSG:4839</CRS>
        <EX_GeographicBoundingBox>
            <westBoundLongitude>10.897849</westBoundLongitude>
            <eastBoundLongitude>14.904938</eastBoundLongitude>
            <southBoundLatitude>51.299996</southBoundLatitude>
            <northBoundLatitude>53.599995</northBoundLatitude>
        </EX_GeographicBoundingBox>
        <BoundingBox CRS="EPSG:25833"
                    minx="228152" miny="5.69041e+06" maxx="493382" maxy="5.93902e+06" />
        <BoundingBox CRS="EPSG:25832"
                    minx="625795" miny="5.68528e+06" maxx="910928" maxy="5.95521e+06" />
        <BoundingBox CRS="EPSG:4326"
                    minx="51.299996" miny="10.897849" maxx="53.599995" maxy="14.904938" />
        <BoundingBox CRS="EPSG:4258"
                    minx="51.299996" miny="10.897849" maxx="53.599995" maxy="14.904938" />
        <BoundingBox CRS="EPSG:3034"
                    minx="2.72534e+06" miny="4.05756e+06" maxx="2.98243e+06" maxy="4.32964e+06" />
        <BoundingBox CRS="EPSG:3035"
                    minx="3.13269e+06" miny="4.38054e+06" maxx="3.399e+06" maxy="4.66231e+06" />
        <BoundingBox CRS="EPSG:3044"
                    minx="5.68528e+06" miny="625795" maxx="5.95521e+06" maxy="910928" />
        <BoundingBox CRS="EPSG:3045"
                    minx="5.69041e+06" miny="228152" maxx="5.93902e+06" maxy="493382" />
        <BoundingBox CRS="EPSG:3857"
                    minx="1.21314e+06" miny="6.67453e+06" maxx="1.65921e+06" maxy="7.09476e+06" />
        <BoundingBox CRS="EPSG:4839"
                    minx="33513.8" miny="26379.6" maxx="297827" maxy="306311" />
        <Identifier authority="lbgr-brandenburg">ad6c243e-8079-4276-a344-62a9a6ddbe0f</Identifier>
        <MetadataURL type="ISO19115:2003">
          <Format>application/vnd.ogc.csw.GetRecordByIdResponse_xml</Format>
          <OnlineResource xmlns:xlink="http://www.w3.org/1999/xlink" xlink:type="simple" xlink:href="https://geoportal.brandenburg.de/gs-json/xml?fileid=ad6c243e-8079-4276-a344-62a9a6ddbe0f"/>
        </MetadataURL>
        <MinScaleDenominator>1</MinScaleDenominator>
        <MaxScaleDenominator>3e+06</MaxScaleDenominator>
      </Layer>
      <Layer queryable="1" opaque="1" cascaded="0">
        <Name>hutl_ausgeduennt</Name>
        <Title>Höhe über Tiefenlinie (ausgedünnt)</Title>
        <Abstract>Der Datensatz beinhaltet Daten des LBGR über die Höhe über der Tiefenlinie und wird über je einen Darstellungs- und Downloaddienst bereitgestellt. Die Höhe über der Tiefenlinie kennzeichnet die relative Höhe über der lokalen Erosionsbasis. Sie ist abhängig vom berechneten Tiefenliniennetz.</Abstract>
        <CRS>EPSG:25833</CRS>
        <CRS>EPSG:25832</CRS>
        <CRS>EPSG:4326</CRS>
        <CRS>EPSG:4258</CRS>
        <CRS>EPSG:3034</CRS>
        <CRS>EPSG:3035</CRS>
        <CRS>EPSG:3044</CRS>
        <CRS>EPSG:3045</CRS>
        <CRS>EPSG:3857</CRS>
        <CRS>EPSG:4839</CRS>
        <EX_GeographicBoundingBox>
            <westBoundLongitude>10.897849</westBoundLongitude>
            <eastBoundLongitude>14.904938</eastBoundLongitude>
            <southBoundLatitude>51.299996</southBoundLatitude>
            <northBoundLatitude>53.599995</northBoundLatitude>
        </EX_GeographicBoundingBox>
        <BoundingBox CRS="EPSG:25833"
                    minx="228152" miny="5.69041e+06" maxx="493382" maxy="5.93902e+06" />
        <BoundingBox CRS="EPSG:25832"
                    minx="625795" miny="5.68528e+06" maxx="910928" maxy="5.95521e+06" />
        <BoundingBox CRS="EPSG:4326"
                    minx="51.299996" miny="10.897849" maxx="53.599995" maxy="14.904938" />
        <BoundingBox CRS="EPSG:4258"
                    minx="51.299996" miny="10.897849" maxx="53.599995" maxy="14.904938" />
        <BoundingBox CRS="EPSG:3034"
                    minx="2.72534e+06" miny="4.05756e+06" maxx="2.98243e+06" maxy="4.32964e+06" />
        <BoundingBox CRS="EPSG:3035"
                    minx="3.13269e+06" miny="4.38054e+06" maxx="3.399e+06" maxy="4.66231e+06" />
        <BoundingBox CRS="EPSG:3044"
                    minx="5.68528e+06" miny="625795" maxx="5.95521e+06" maxy="910928" />
        <BoundingBox CRS="EPSG:3045"
                    minx="5.69041e+06" miny="228152" maxx="5.93902e+06" maxy="493382" />
        <BoundingBox CRS="EPSG:3857"
                    minx="1.21314e+06" miny="6.67453e+06" maxx="1.65921e+06" maxy="7.09476e+06" />
        <BoundingBox CRS="EPSG:4839"
                    minx="33513.8" miny="26379.6" maxx="297827" maxy="306311" />
        <Identifier authority="lbgr-brandenburg">ef5b9b6d-5fc1-4cb0-b0c0-e112a0a10beb</Identifier>
        <MetadataURL type="ISO19115:2003">
          <Format>application/vnd.ogc.csw.GetRecordByIdResponse_xml</Format>
          <OnlineResource xmlns:xlink="http://www.w3.org/1999/xlink" xlink:type="simple" xlink:href="https://geoportal.brandenburg.de/gs-json/xml?fileid=ef5b9b6d-5fc1-4cb0-b0c0-e112a0a10beb"/>
        </MetadataURL>
        <MinScaleDenominator>1</MinScaleDenominator>
        <MaxScaleDenominator>3e+06</MaxScaleDenominator>
      </Layer>
      <Layer queryable="0" opaque="1" cascaded="0">
        <Name>tfl_dicht</Name>
        <Title>Tiefenlinien (dicht)</Title>
        <Abstract>Der Datensatz beinhaltet Daten des LBGR über die Tiefenlinien und wird über je einen Darstellungs- und Downloaddienst bereitgestellt. Die Tiefenlinien stellen die potenziellen Abflusswege des Oberflächenwassers dar. Sie bilden die lokale Erosionsbasis, auf die sich alle Transportprozesse des Bodens und des Wassers beziehen. Gegenstück der Tiefenlinien sind die sogenannten Kulminationslinien, die die Scheitellinien von Erhebungen darstellen.</Abstract>
        <CRS>EPSG:25833</CRS>
        <CRS>EPSG:25832</CRS>
        <CRS>EPSG:4326</CRS>
        <CRS>EPSG:4258</CRS>
        <CRS>EPSG:4839</CRS>
        <CRS>EPSG:3034</CRS>
        <CRS>EPSG:3035</CRS>
        <CRS>EPSG:3044</CRS>
        <CRS>EPSG:3045</CRS>
        <CRS>EPSG:3857</CRS>
        <EX_GeographicBoundingBox>
            <westBoundLongitude>11.234735</westBoundLongitude>
            <eastBoundLongitude>14.765797</eastBoundLongitude>
            <southBoundLatitude>51.311533</southBoundLatitude>
            <northBoundLatitude>53.563769</northBoundLatitude>
        </EX_GeographicBoundingBox>
        <BoundingBox CRS="EPSG:25833"
                    minx="250321" miny="5.69057e+06" maxx="483696" maxy="5.93502e+06" />
        <BoundingBox CRS="EPSG:25832"
                    minx="648208" miny="5.68724e+06" maxx="901242" maxy="5.9504e+06" />
        <BoundingBox CRS="EPSG:4326"
                    minx="51.311533" miny="11.234735" maxx="53.563769" maxy="14.765797" />
        <BoundingBox CRS="EPSG:4258"
                    minx="51.311533" miny="11.234735" maxx="53.563769" maxy="14.765797" />
        <BoundingBox CRS="EPSG:4839"
                    minx="35024.1" miny="48744.2" maxx="293233" maxy="296639" />
        <BoundingBox CRS="EPSG:3034"
                    minx="2.72694e+06" miny="4.07919e+06" maxx="2.97793e+06" maxy="4.32029e+06" />
        <BoundingBox CRS="EPSG:3035"
                    minx="3.13436e+06" miny="4.40293e+06" maxx="3.39434e+06" maxy="4.65264e+06" />
        <BoundingBox CRS="EPSG:3044"
                    minx="5.68724e+06" miny="648208" maxx="5.9504e+06" maxy="901242" />
        <BoundingBox CRS="EPSG:3045"
                    minx="5.69057e+06" miny="250321" maxx="5.93502e+06" maxy="483696" />
        <BoundingBox CRS="EPSG:3857"
                    minx="1.25064e+06" miny="6.67659e+06" maxx="1.64372e+06" maxy="7.08797e+06" />
        <Identifier authority="lbgr-brandenburg">6b6f3790-5a5d-49cf-8146-a8f29189ad92</Identifier>
        <MetadataURL type="ISO19115:2003">
          <Format>application/vnd.ogc.csw.GetRecordByIdResponse_xml</Format>
          <OnlineResource xmlns:xlink="http://www.w3.org/1999/xlink" xlink:type="simple" xlink:href="https://geoportal.brandenburg.de/gs-json/xml?fileid=6b6f3790-5a5d-49cf-8146-a8f29189ad92"/>
        </MetadataURL>
        <Style>
          <Name>default</Name>
          <Title>Geomorphografische Auswertungen</Title>
          <LegendURL width="305" height="183">
             <Format>image/png</Format>
             <OnlineResource xmlns:xlink="http://www.w3.org/1999/xlink" xlink:type="simple" xlink:href="https://inspire.brandenburg.de/services/gmk_wms?language=ger&amp;version=1.3.0&amp;service=WMS&amp;request=GetLegendGraphic&amp;sld_version=1.1.0&amp;layer=tfl_dicht&amp;format=image/png&amp;STYLE="/>
          </LegendURL>
        </Style>
        <MinScaleDenominator>1</MinScaleDenominator>
        <MaxScaleDenominator>3e+06</MaxScaleDenominator>
      </Layer>
      <Layer queryable="0" opaque="1" cascaded="0">
        <Name>tfl_ausgeduennt</Name>
        <Title>Tiefenlinien (ausgedünnt)</Title>
        <Abstract>Der Datensatz beinhaltet Daten des LBGR über die Tiefenlinien und wird über je einen Darstellungs- und Downloaddienst bereitgestellt. Die Tiefenlinien stellen die potenziellen Abflusswege des Oberflächenwassers dar. Sie bilden die lokale Erosionsbasis, auf die sich alle Transportprozesse des Bodens und des Wassers beziehen. Gegenstück der Tiefenlinien sind die sogenannten Kulminationslinien, die die Scheitellinien von Erhebungen darstellen.</Abstract>
        <CRS>EPSG:25833</CRS>
        <CRS>EPSG:25832</CRS>
        <CRS>EPSG:4326</CRS>
        <CRS>EPSG:4258</CRS>
        <CRS>EPSG:4839</CRS>
        <CRS>EPSG:3034</CRS>
        <CRS>EPSG:3035</CRS>
        <CRS>EPSG:3044</CRS>
        <CRS>EPSG:3045</CRS>
        <CRS>EPSG:3857</CRS>
        <EX_GeographicBoundingBox>
            <westBoundLongitude>11.234735</westBoundLongitude>
            <eastBoundLongitude>14.765797</eastBoundLongitude>
            <southBoundLatitude>51.311533</southBoundLatitude>
            <northBoundLatitude>53.563769</northBoundLatitude>
        </EX_GeographicBoundingBox>
        <BoundingBox CRS="EPSG:25833"
                    minx="250321" miny="5.69057e+06" maxx="483696" maxy="5.93502e+06" />
        <BoundingBox CRS="EPSG:25832"
                    minx="648208" miny="5.68724e+06" maxx="901242" maxy="5.9504e+06" />
        <BoundingBox CRS="EPSG:4326"
                    minx="51.311533" miny="11.234735" maxx="53.563769" maxy="14.765797" />
        <BoundingBox CRS="EPSG:4258"
                    minx="51.311533" miny="11.234735" maxx="53.563769" maxy="14.765797" />
        <BoundingBox CRS="EPSG:4839"
                    minx="35024.1" miny="48744.2" maxx="293233" maxy="296639" />
        <BoundingBox CRS="EPSG:3034"
                    minx="2.72694e+06" miny="4.07919e+06" maxx="2.97793e+06" maxy="4.32029e+06" />
        <BoundingBox CRS="EPSG:3035"
                    minx="3.13436e+06" miny="4.40293e+06" maxx="3.39434e+06" maxy="4.65264e+06" />
        <BoundingBox CRS="EPSG:3044"
                    minx="5.68724e+06" miny="648208" maxx="5.9504e+06" maxy="901242" />
        <BoundingBox CRS="EPSG:3045"
                    minx="5.69057e+06" miny="250321" maxx="5.93502e+06" maxy="483696" />
        <BoundingBox CRS="EPSG:3857"
                    minx="1.25064e+06" miny="6.67659e+06" maxx="1.64372e+06" maxy="7.08797e+06" />
        <Identifier authority="lbgr-brandenburg">2a420abe-cfac-4804-acec-6dcdf69717d8</Identifier>
        <MetadataURL type="ISO19115:2003">
          <Format>application/vnd.ogc.csw.GetRecordByIdResponse_xml</Format>
          <OnlineResource xmlns:xlink="http://www.w3.org/1999/xlink" xlink:type="simple" xlink:href="https://geoportal.brandenburg.de/gs-json/xml?fileid=2a420abe-cfac-4804-acec-6dcdf69717d8"/>
        </MetadataURL>
        <Style>
          <Name>default</Name>
          <Title>Geomorphografische Auswertungen</Title>
          <LegendURL width="305" height="183">
             <Format>image/png</Format>
             <OnlineResource xmlns:xlink="http://www.w3.org/1999/xlink" xlink:type="simple" xlink:href="https://inspire.brandenburg.de/services/gmk_wms?language=ger&amp;version=1.3.0&amp;service=WMS&amp;request=GetLegendGraphic&amp;sld_version=1.1.0&amp;layer=tfl_ausgeduennt&amp;format=image/png&amp;STYLE="/>
          </LegendURL>
        </Style>
        <MinScaleDenominator>1</MinScaleDenominator>
        <MaxScaleDenominator>3e+06</MaxScaleDenominator>
      </Layer>
      <Layer queryable="0" opaque="1" cascaded="0">
        <Name>kull</Name>
        <Title>Kulminationslinien</Title>
        <Abstract>Der Datensatz beinhaltet Daten des LBGR über die Kulminationslinien und wird über je einen Darstellungs- und Downloaddienst bereitgestellt. Die Kulminationslinien bilden praktisch das Gegenstück zu den Tiefenlinien und stellen die Scheitelbereiche der lokalen Erhebungen dar. Bei Niederschlagsereignissen wirken sie als Wasserscheiden im Abflussgeschehen.</Abstract>
        <CRS>EPSG:25833</CRS>
        <CRS>EPSG:25832</CRS>
        <CRS>EPSG:4326</CRS>
        <CRS>EPSG:4258</CRS>
        <CRS>EPSG:4839</CRS>
        <CRS>EPSG:3034</CRS>
        <CRS>EPSG:3035</CRS>
        <CRS>EPSG:3044</CRS>
        <CRS>EPSG:3045</CRS>
        <CRS>EPSG:3857</CRS>
        <EX_GeographicBoundingBox>
            <westBoundLongitude>11.234735</westBoundLongitude>
            <eastBoundLongitude>14.765797</eastBoundLongitude>
            <southBoundLatitude>51.311533</southBoundLatitude>
            <northBoundLatitude>53.563769</northBoundLatitude>
        </EX_GeographicBoundingBox>
        <BoundingBox CRS="EPSG:25833"
                    minx="250321" miny="5.69057e+06" maxx="483696" maxy="5.93502e+06" />
        <BoundingBox CRS="EPSG:25832"
                    minx="648208" miny="5.68724e+06" maxx="901242" maxy="5.9504e+06" />
        <BoundingBox CRS="EPSG:4326"
                    minx="51.311533" miny="11.234735" maxx="53.563769" maxy="14.765797" />
        <BoundingBox CRS="EPSG:4258"
                    minx="51.311533" miny="11.234735" maxx="53.563769" maxy="14.765797" />
        <BoundingBox CRS="EPSG:4839"
                    minx="35024.1" miny="48744.2" maxx="293233" maxy="296639" />
        <BoundingBox CRS="EPSG:3034"
                    minx="2.72694e+06" miny="4.07919e+06" maxx="2.97793e+06" maxy="4.32029e+06" />
        <BoundingBox CRS="EPSG:3035"
                    minx="3.13436e+06" miny="4.40293e+06" maxx="3.39434e+06" maxy="4.65264e+06" />
        <BoundingBox CRS="EPSG:3044"
                    minx="5.68724e+06" miny="648208" maxx="5.9504e+06" maxy="901242" />
        <BoundingBox CRS="EPSG:3045"
                    minx="5.69057e+06" miny="250321" maxx="5.93502e+06" maxy="483696" />
        <BoundingBox CRS="EPSG:3857"
                    minx="1.25064e+06" miny="6.67659e+06" maxx="1.64372e+06" maxy="7.08797e+06" />
        <Identifier authority="lbgr-brandenburg">ecfc959d-0ffc-4108-89c4-9ac50ea10205</Identifier>
        <MetadataURL type="ISO19115:2003">
          <Format>application/vnd.ogc.csw.GetRecordByIdResponse_xml</Format>
          <OnlineResource xmlns:xlink="http://www.w3.org/1999/xlink" xlink:type="simple" xlink:href="https://geoportal.brandenburg.de/gs-json/xml?fileid=ecfc959d-0ffc-4108-89c4-9ac50ea10205"/>
        </MetadataURL>
        <Style>
          <Name>default</Name>
          <Title>Geomorphografische Auswertungen</Title>
          <LegendURL width="305" height="183">
             <Format>image/png</Format>
             <OnlineResource xmlns:xlink="http://www.w3.org/1999/xlink" xlink:type="simple" xlink:href="https://inspire.brandenburg.de/services/gmk_wms?language=ger&amp;version=1.3.0&amp;service=WMS&amp;request=GetLegendGraphic&amp;sld_version=1.1.0&amp;layer=kull&amp;format=image/png&amp;STYLE="/>
          </LegendURL>
        </Style>
        <MinScaleDenominator>1</MinScaleDenominator>
        <MaxScaleDenominator>3e+06</MaxScaleDenominator>
      </Layer>
      <Layer queryable="1" opaque="1" cascaded="0">
        <Name>huk</Name>
        <Title>Höhe unter Kulminationslinie</Title>
        <Abstract>Der Datensatz beinhaltet Daten des LBGR über die Höhe unter Kulminationslinie und wird über je einen Darstellungs- und Downloaddienst bereitgestellt. Die Höhe unter Kulminationslinie beschreibt den Abstand zur lokal höchsten Erhebung.</Abstract>
        <CRS>EPSG:25833</CRS>
        <CRS>EPSG:25832</CRS>
        <CRS>EPSG:4326</CRS>
        <CRS>EPSG:4258</CRS>
        <CRS>EPSG:3034</CRS>
        <CRS>EPSG:3035</CRS>
        <CRS>EPSG:3044</CRS>
        <CRS>EPSG:3045</CRS>
        <CRS>EPSG:3857</CRS>
        <CRS>EPSG:4839</CRS>
        <EX_GeographicBoundingBox>
            <westBoundLongitude>10.897849</westBoundLongitude>
            <eastBoundLongitude>14.904938</eastBoundLongitude>
            <southBoundLatitude>51.299996</southBoundLatitude>
            <northBoundLatitude>53.599995</northBoundLatitude>
        </EX_GeographicBoundingBox>
        <BoundingBox CRS="EPSG:25833"
                    minx="228152" miny="5.69041e+06" maxx="493382" maxy="5.93902e+06" />
        <BoundingBox CRS="EPSG:25832"
                    minx="625795" miny="5.68528e+06" maxx="910928" maxy="5.95521e+06" />
        <BoundingBox CRS="EPSG:4326"
                    minx="51.299996" miny="10.897849" maxx="53.599995" maxy="14.904938" />
        <BoundingBox CRS="EPSG:4258"
                    minx="51.299996" miny="10.897849" maxx="53.599995" maxy="14.904938" />
        <BoundingBox CRS="EPSG:3034"
                    minx="2.72534e+06" miny="4.05756e+06" maxx="2.98243e+06" maxy="4.32964e+06" />
        <BoundingBox CRS="EPSG:3035"
                    minx="3.13269e+06" miny="4.38054e+06" maxx="3.399e+06" maxy="4.66231e+06" />
        <BoundingBox CRS="EPSG:3044"
                    minx="5.68528e+06" miny="625795" maxx="5.95521e+06" maxy="910928" />
        <BoundingBox CRS="EPSG:3045"
                    minx="5.69041e+06" miny="228152" maxx="5.93902e+06" maxy="493382" />
        <BoundingBox CRS="EPSG:3857"
                    minx="1.21314e+06" miny="6.67453e+06" maxx="1.65921e+06" maxy="7.09476e+06" />
        <BoundingBox CRS="EPSG:4839"
                    minx="33513.8" miny="26379.6" maxx="297827" maxy="306311" />
        <Identifier authority="lbgr-brandenburg">78cf7a2f-8d7f-40c9-9ad3-277e66382fe6</Identifier>
        <MetadataURL type="ISO19115:2003">
          <Format>application/vnd.ogc.csw.GetRecordByIdResponse_xml</Format>
          <OnlineResource xmlns:xlink="http://www.w3.org/1999/xlink" xlink:type="simple" xlink:href="https://geoportal.brandenburg.de/gs-json/xml?fileid=78cf7a2f-8d7f-40c9-9ad3-277e66382fe6"/>
        </MetadataURL>
        <MinScaleDenominator>1</MinScaleDenominator>
        <MaxScaleDenominator>3e+06</MaxScaleDenominator>
      </Layer>
      <Layer queryable="1" opaque="1" cascaded="0">
        <Name>bfi</Name>
        <Title>Potentieller Bodenfeuchteindex</Title>
        <Abstract>Der Datensatz beinhaltet Daten des LBGR über den Bodenfeuchteindex und wird über je einen Darstellungs- und Downloaddienst bereitgestellt. Der Bodenfeuchteindex stellt ein dimensionsloses Maß für die potenziellen, reliefbedingten Feuchteverhältnisse des Bodens dar. Er quantifiziert die potenzielle Wasserabflussmenge in Abhängigkeit von der Einzugsgebietsgröße (potentieller Abfluss) und der Neigung (Verweildauer des abfließenden Wassers).</Abstract>
        <CRS>EPSG:25833</CRS>
        <CRS>EPSG:25832</CRS>
        <CRS>EPSG:4326</CRS>
        <CRS>EPSG:4258</CRS>
        <CRS>EPSG:3034</CRS>
        <CRS>EPSG:3035</CRS>
        <CRS>EPSG:3044</CRS>
        <CRS>EPSG:3045</CRS>
        <CRS>EPSG:3857</CRS>
        <CRS>EPSG:4839</CRS>
        <EX_GeographicBoundingBox>
            <westBoundLongitude>10.897849</westBoundLongitude>
            <eastBoundLongitude>14.904938</eastBoundLongitude>
            <southBoundLatitude>51.299996</southBoundLatitude>
            <northBoundLatitude>53.599995</northBoundLatitude>
        </EX_GeographicBoundingBox>
        <BoundingBox CRS="EPSG:25833"
                    minx="228152" miny="5.69041e+06" maxx="493382" maxy="5.93902e+06" />
        <BoundingBox CRS="EPSG:25832"
                    minx="625795" miny="5.68528e+06" maxx="910928" maxy="5.95521e+06" />
        <BoundingBox CRS="EPSG:4326"
                    minx="51.299996" miny="10.897849" maxx="53.599995" maxy="14.904938" />
        <BoundingBox CRS="EPSG:4258"
                    minx="51.299996" miny="10.897849" maxx="53.599995" maxy="14.904938" />
        <BoundingBox CRS="EPSG:3034"
                    minx="2.72534e+06" miny="4.05756e+06" maxx="2.98243e+06" maxy="4.32964e+06" />
        <BoundingBox CRS="EPSG:3035"
                    minx="3.13269e+06" miny="4.38054e+06" maxx="3.399e+06" maxy="4.66231e+06" />
        <BoundingBox CRS="EPSG:3044"
                    minx="5.68528e+06" miny="625795" maxx="5.95521e+06" maxy="910928" />
        <BoundingBox CRS="EPSG:3045"
                    minx="5.69041e+06" miny="228152" maxx="5.93902e+06" maxy="493382" />
        <BoundingBox CRS="EPSG:3857"
                    minx="1.21314e+06" miny="6.67453e+06" maxx="1.65921e+06" maxy="7.09476e+06" />
        <BoundingBox CRS="EPSG:4839"
                    minx="33513.8" miny="26379.6" maxx="297827" maxy="306311" />
        <Identifier authority="lbgr-brandenburg">0106e9c8-14eb-4483-82c7-3b2cdecdeeeb</Identifier>
        <MetadataURL type="ISO19115:2003">
          <Format>application/vnd.ogc.csw.GetRecordByIdResponse_xml</Format>
          <OnlineResource xmlns:xlink="http://www.w3.org/1999/xlink" xlink:type="simple" xlink:href="https://geoportal.brandenburg.de/gs-json/xml?fileid=0106e9c8-14eb-4483-82c7-3b2cdecdeeeb"/>
        </MetadataURL>
        <MinScaleDenominator>1</MinScaleDenominator>
        <MaxScaleDenominator>3e+06</MaxScaleDenominator>
      </Layer>
      <Layer queryable="1" opaque="1" cascaded="0">
        <Name>mivbf</Name>
        <Title>Multiresolution Index for Valley Bottom Flatness</Title>
        <Abstract>Der Datensatz beinhaltet Daten des LBGR über den Multiresolution Index for Valley Bottom Flatness und wird über je einen Darstellungs- und Downloaddienst bereitgestellt. Dieser dimensionslose Parameter ermöglicht die Identifikation von Senkenbereiche und wird dazu genutzt, vor Allem größere, regional zusammenhängende Gebiete und Strukturen mit geringer Neigung auszukartieren.</Abstract>
        <CRS>EPSG:25833</CRS>
        <CRS>EPSG:25832</CRS>
        <CRS>EPSG:4326</CRS>
        <CRS>EPSG:4258</CRS>
        <CRS>EPSG:3034</CRS>
        <CRS>EPSG:3035</CRS>
        <CRS>EPSG:3044</CRS>
        <CRS>EPSG:3045</CRS>
        <CRS>EPSG:3857</CRS>
        <CRS>EPSG:4839</CRS>
        <EX_GeographicBoundingBox>
            <westBoundLongitude>10.897849</westBoundLongitude>
            <eastBoundLongitude>14.904938</eastBoundLongitude>
            <southBoundLatitude>51.299996</southBoundLatitude>
            <northBoundLatitude>53.599995</northBoundLatitude>
        </EX_GeographicBoundingBox>
        <BoundingBox CRS="EPSG:25833"
                    minx="228152" miny="5.69041e+06" maxx="493382" maxy="5.93902e+06" />
        <BoundingBox CRS="EPSG:25832"
                    minx="625795" miny="5.68528e+06" maxx="910928" maxy="5.95521e+06" />
        <BoundingBox CRS="EPSG:4326"
                    minx="51.299996" miny="10.897849" maxx="53.599995" maxy="14.904938" />
        <BoundingBox CRS="EPSG:4258"
                    minx="51.299996" miny="10.897849" maxx="53.599995" maxy="14.904938" />
        <BoundingBox CRS="EPSG:3034"
                    minx="2.72534e+06" miny="4.05756e+06" maxx="2.98243e+06" maxy="4.32964e+06" />
        <BoundingBox CRS="EPSG:3035"
                    minx="3.13269e+06" miny="4.38054e+06" maxx="3.399e+06" maxy="4.66231e+06" />
        <BoundingBox CRS="EPSG:3044"
                    minx="5.68528e+06" miny="625795" maxx="5.95521e+06" maxy="910928" />
        <BoundingBox CRS="EPSG:3045"
                    minx="5.69041e+06" miny="228152" maxx="5.93902e+06" maxy="493382" />
        <BoundingBox CRS="EPSG:3857"
                    minx="1.21314e+06" miny="6.67453e+06" maxx="1.65921e+06" maxy="7.09476e+06" />
        <BoundingBox CRS="EPSG:4839"
                    minx="33513.8" miny="26379.6" maxx="297827" maxy="306311" />
        <Identifier authority="lbgr-brandenburg">75e5e37d-a1ea-41b8-9f40-163bd5e13a3c</Identifier>
        <MetadataURL type="ISO19115:2003">
          <Format>application/vnd.ogc.csw.GetRecordByIdResponse_xml</Format>
          <OnlineResource xmlns:xlink="http://www.w3.org/1999/xlink" xlink:type="simple" xlink:href="https://geoportal.brandenburg.de/gs-json/xml?fileid=75e5e37d-a1ea-41b8-9f40-163bd5e13a3c"/>
        </MetadataURL>
        <MinScaleDenominator>1</MinScaleDenominator>
        <MaxScaleDenominator>3e+06</MaxScaleDenominator>
      </Layer>
    </Layer>
    <Layer queryable="1">
      <Name>parameter_kombiniert</Name>
      <Title>Kombinierte Parameter</Title>
      <Abstract>Dargestellt werden Scheitelbereichsindex, Terrain Classification Index for Lowlands.</Abstract>
    <Style>
       <Name>default</Name>
       <Title>default</Title>
       <LegendURL width="320" height="381">
          <Format>image/png</Format>
          <OnlineResource xmlns:xlink="http://www.w3.org/1999/xlink" xlink:type="simple" xlink:href="https://inspire.brandenburg.de/services/gmk_wms?language=ger&amp;version=1.3.0&amp;service=WMS&amp;request=GetLegendGraphic&amp;sld_version=1.1.0&amp;layer=parameter_kombiniert&amp;format=image/png&amp;STYLE=default"/>
       </LegendURL>
    </Style>
      <Layer queryable="1" opaque="1" cascaded="0">
        <Name>sbi</Name>
        <Title>Scheitelbereichsindex</Title>
        <Abstract>Der Datensatz beinhaltet Daten des LBGR über den Scheiteilbereichsindex und wird über je einen Darstellungs- und Downloaddienst bereitgestellt. Der Scheiteilbereichsindex wird zur Ermittlung der Scheitelbereiche genutzt. Hohe Werte weisen dabei auf Verflachungen in relativer Höhenlage und niedrige Werte auf Talböden oder Gewässeroberflächen mit geringer Hangneigung hin. Mittlere Werte deuten auf verflachte Bereiche in Hang- oder Zwischenpositionen.</Abstract>
        <CRS>EPSG:25833</CRS>
        <CRS>EPSG:25832</CRS>
        <CRS>EPSG:4326</CRS>
        <CRS>EPSG:4258</CRS>
        <CRS>EPSG:3034</CRS>
        <CRS>EPSG:3035</CRS>
        <CRS>EPSG:3044</CRS>
        <CRS>EPSG:3045</CRS>
        <CRS>EPSG:3857</CRS>
        <CRS>EPSG:4839</CRS>
        <EX_GeographicBoundingBox>
            <westBoundLongitude>10.897849</westBoundLongitude>
            <eastBoundLongitude>14.904938</eastBoundLongitude>
            <southBoundLatitude>51.299996</southBoundLatitude>
            <northBoundLatitude>53.599995</northBoundLatitude>
        </EX_GeographicBoundingBox>
        <BoundingBox CRS="EPSG:25833"
                    minx="228152" miny="5.69041e+06" maxx="493382" maxy="5.93902e+06" />
        <BoundingBox CRS="EPSG:25832"
                    minx="625795" miny="5.68528e+06" maxx="910928" maxy="5.95521e+06" />
        <BoundingBox CRS="EPSG:4326"
                    minx="51.299996" miny="10.897849" maxx="53.599995" maxy="14.904938" />
        <BoundingBox CRS="EPSG:4258"
                    minx="51.299996" miny="10.897849" maxx="53.599995" maxy="14.904938" />
        <BoundingBox CRS="EPSG:3034"
                    minx="2.72534e+06" miny="4.05756e+06" maxx="2.98243e+06" maxy="4.32964e+06" />
        <BoundingBox CRS="EPSG:3035"
                    minx="3.13269e+06" miny="4.38054e+06" maxx="3.399e+06" maxy="4.66231e+06" />
        <BoundingBox CRS="EPSG:3044"
                    minx="5.68528e+06" miny="625795" maxx="5.95521e+06" maxy="910928" />
        <BoundingBox CRS="EPSG:3045"
                    minx="5.69041e+06" miny="228152" maxx="5.93902e+06" maxy="493382" />
        <BoundingBox CRS="EPSG:3857"
                    minx="1.21314e+06" miny="6.67453e+06" maxx="1.65921e+06" maxy="7.09476e+06" />
        <BoundingBox CRS="EPSG:4839"
                    minx="33513.8" miny="26379.6" maxx="297827" maxy="306311" />
        <Identifier authority="lbgr-brandenburg">fca28f4a-4520-4766-96ef-1e2537806292</Identifier>
        <MetadataURL type="ISO19115:2003">
          <Format>application/vnd.ogc.csw.GetRecordByIdResponse_xml</Format>
          <OnlineResource xmlns:xlink="http://www.w3.org/1999/xlink" xlink:type="simple" xlink:href="https://geoportal.brandenburg.de/gs-json/xml?fileid=fca28f4a-4520-4766-96ef-1e2537806292"/>
        </MetadataURL>
        <MinScaleDenominator>1</MinScaleDenominator>
        <MaxScaleDenominator>3e+06</MaxScaleDenominator>
      </Layer>
      <Layer queryable="1" opaque="1" cascaded="0">
        <Name>tci</Name>
        <Title>Terrain Classification Index for Lowlands</Title>
        <Abstract>Der Datensatz beinhaltet Daten des LBGR über den Scheiteilbereichsindex und wird über je einen Darstellungs- und Downloaddienst bereitgestellt. Der Reliefparameter „Terrain Classification Index for Lowlands„ (TCI low ) wird zur Identifikation von Senkenbereichen verwendet und bildet die Tendenz zu morphografischen Reliefeinheiten metrisch ab. Mit Abnahme der Werte weist der Index im Flachland auf die Reliefformen der holozänen Talauen (höchster Wert), Niederterrassen, tiefliegenden Sanderflächen sowie Grund- und Endmoränen hin (niedrigster Wert).</Abstract>
        <CRS>EPSG:25833</CRS>
        <CRS>EPSG:25832</CRS>
        <CRS>EPSG:4326</CRS>
        <CRS>EPSG:4258</CRS>
        <CRS>EPSG:3034</CRS>
        <CRS>EPSG:3035</CRS>
        <CRS>EPSG:3044</CRS>
        <CRS>EPSG:3045</CRS>
        <CRS>EPSG:3857</CRS>
        <CRS>EPSG:4839</CRS>
        <EX_GeographicBoundingBox>
            <westBoundLongitude>10.897849</westBoundLongitude>
            <eastBoundLongitude>14.904938</eastBoundLongitude>
            <southBoundLatitude>51.299996</southBoundLatitude>
            <northBoundLatitude>53.599995</northBoundLatitude>
        </EX_GeographicBoundingBox>
        <BoundingBox CRS="EPSG:25833"
                    minx="228152" miny="5.69041e+06" maxx="493382" maxy="5.93902e+06" />
        <BoundingBox CRS="EPSG:25832"
                    minx="625795" miny="5.68528e+06" maxx="910928" maxy="5.95521e+06" />
        <BoundingBox CRS="EPSG:4326"
                    minx="51.299996" miny="10.897849" maxx="53.599995" maxy="14.904938" />
        <BoundingBox CRS="EPSG:4258"
                    minx="51.299996" miny="10.897849" maxx="53.599995" maxy="14.904938" />
        <BoundingBox CRS="EPSG:3034"
                    minx="2.72534e+06" miny="4.05756e+06" maxx="2.98243e+06" maxy="4.32964e+06" />
        <BoundingBox CRS="EPSG:3035"
                    minx="3.13269e+06" miny="4.38054e+06" maxx="3.399e+06" maxy="4.66231e+06" />
        <BoundingBox CRS="EPSG:3044"
                    minx="5.68528e+06" miny="625795" maxx="5.95521e+06" maxy="910928" />
        <BoundingBox CRS="EPSG:3045"
                    minx="5.69041e+06" miny="228152" maxx="5.93902e+06" maxy="493382" />
        <BoundingBox CRS="EPSG:3857"
                    minx="1.21314e+06" miny="6.67453e+06" maxx="1.65921e+06" maxy="7.09476e+06" />
        <BoundingBox CRS="EPSG:4839"
                    minx="33513.8" miny="26379.6" maxx="297827" maxy="306311" />
        <Identifier authority="lbgr-brandenburg">f75dd951-3a48-45e7-8e4b-e35a1597b977</Identifier>
        <MetadataURL type="ISO19115:2003">
          <Format>application/vnd.ogc.csw.GetRecordByIdResponse_xml</Format>
          <OnlineResource xmlns:xlink="http://www.w3.org/1999/xlink" xlink:type="simple" xlink:href="https://geoportal.brandenburg.de/gs-json/xml?fileid=f75dd951-3a48-45e7-8e4b-e35a1597b977"/>
        </MetadataURL>
        <MinScaleDenominator>1</MinScaleDenominator>
        <MaxScaleDenominator>3e+06</MaxScaleDenominator>
      </Layer>
    </Layer>
    <Layer queryable="1">
      <Name>geomorphografische_karten</Name>
      <Title>Geomorphografische Karten</Title>
      <Abstract>Dargestellt werden Reliefeinheiten 1, Reliefeinheiten 2 (glaziale Hochflächen undifferenziert), Reliefeinheiten 2 (glaziale Hochflächen differenziert), Senkenbereiche (klassifiziert), Geschlossene Hohlformen.</Abstract>
    <Style>
       <Name>default</Name>
       <Title>default</Title>
       <LegendURL width="320" height="945">
          <Format>image/png</Format>
          <OnlineResource xmlns:xlink="http://www.w3.org/1999/xlink" xlink:type="simple" xlink:href="https://inspire.brandenburg.de/services/gmk_wms?language=ger&amp;version=1.3.0&amp;service=WMS&amp;request=GetLegendGraphic&amp;sld_version=1.1.0&amp;layer=geomorphografische_karten&amp;format=image/png&amp;STYLE=default"/>
       </LegendURL>
    </Style>
      <Layer queryable="1" opaque="1" cascaded="0">
        <Name>kat1</Name>
        <Title>Reliefeinheiten 1</Title>
        <Abstract>Der Datensatz beinhaltet Daten des LBGR über die Reliefeinheiten 1 und wird über je einen Darstellungs- und Downloaddienst bereitgestellt. Die geomorphografische Karte Reliefeinheiten 1 gliedert das Relief in die Einheiten der Senkenbereiche, Scheitelbereiche, Hangbereiche und geschlossenen Hohlformen. Als Hangflächen werden dabei alle Gebiete definiert, welche weder den Senken- noch den Scheitelbereichen zugeordnet werden konnten.</Abstract>
        <CRS>EPSG:25833</CRS>
        <CRS>EPSG:25832</CRS>
        <CRS>EPSG:4326</CRS>
        <CRS>EPSG:4258</CRS>
        <CRS>EPSG:3034</CRS>
        <CRS>EPSG:3035</CRS>
        <CRS>EPSG:3044</CRS>
        <CRS>EPSG:3045</CRS>
        <CRS>EPSG:3857</CRS>
        <CRS>EPSG:4839</CRS>
        <EX_GeographicBoundingBox>
            <westBoundLongitude>10.897849</westBoundLongitude>
            <eastBoundLongitude>14.904938</eastBoundLongitude>
            <southBoundLatitude>51.299996</southBoundLatitude>
            <northBoundLatitude>53.599995</northBoundLatitude>
        </EX_GeographicBoundingBox>
        <BoundingBox CRS="EPSG:25833"
                    minx="228152" miny="5.69041e+06" maxx="493382" maxy="5.93902e+06" />
        <BoundingBox CRS="EPSG:25832"
                    minx="625795" miny="5.68528e+06" maxx="910928" maxy="5.95521e+06" />
        <BoundingBox CRS="EPSG:4326"
                    minx="51.299996" miny="10.897849" maxx="53.599995" maxy="14.904938" />
        <BoundingBox CRS="EPSG:4258"
                    minx="51.299996" miny="10.897849" maxx="53.599995" maxy="14.904938" />
        <BoundingBox CRS="EPSG:3034"
                    minx="2.72534e+06" miny="4.05756e+06" maxx="2.98243e+06" maxy="4.32964e+06" />
        <BoundingBox CRS="EPSG:3035"
                    minx="3.13269e+06" miny="4.38054e+06" maxx="3.399e+06" maxy="4.66231e+06" />
        <BoundingBox CRS="EPSG:3044"
                    minx="5.68528e+06" miny="625795" maxx="5.95521e+06" maxy="910928" />
        <BoundingBox CRS="EPSG:3045"
                    minx="5.69041e+06" miny="228152" maxx="5.93902e+06" maxy="493382" />
        <BoundingBox CRS="EPSG:3857"
                    minx="1.21314e+06" miny="6.67453e+06" maxx="1.65921e+06" maxy="7.09476e+06" />
        <BoundingBox CRS="EPSG:4839"
                    minx="33513.8" miny="26379.6" maxx="297827" maxy="306311" />
        <Identifier authority="lbgr-brandenburg">949b5479-97f6-4a06-b45f-e095b0cbe82d</Identifier>
        <MetadataURL type="ISO19115:2003">
          <Format>application/vnd.ogc.csw.GetRecordByIdResponse_xml</Format>
          <OnlineResource xmlns:xlink="http://www.w3.org/1999/xlink" xlink:type="simple" xlink:href="https://geoportal.brandenburg.de/gs-json/xml?fileid=949b5479-97f6-4a06-b45f-e095b0cbe82d"/>
        </MetadataURL>
        <MinScaleDenominator>1</MinScaleDenominator>
        <MaxScaleDenominator>3e+06</MaxScaleDenominator>
      </Layer>
      <Layer queryable="1" opaque="1" cascaded="0">
        <Name>kat2_undiff</Name>
        <Title>Reliefeinheiten 2 (undifferenziert)</Title>
        <Abstract>Der Datensatz beinhaltet Daten des LBGR über die Reliefeinheiten 2 (undifferenziert) und wird über je einen Darstellungs- und Downloaddienst bereitgestellt. Der Datensatz beinhaltet Daten des LBGR über die Reliefeinheiten 1 und wird über je einen Darstellungs- und Downloaddienst bereitgestellt. Die geomorphografische Karte Reliefeinheiten 2 beinhaltet die kartierten Senken, tiefliegenden Verflachungen, die Kleinformen der kleinen Rinnen und kleinen Wälle, sowie die Bereiche der glazialen Hochflächen (undifferenziert).</Abstract>
        <CRS>EPSG:25833</CRS>
        <CRS>EPSG:25832</CRS>
        <CRS>EPSG:4326</CRS>
        <CRS>EPSG:4258</CRS>
        <CRS>EPSG:3034</CRS>
        <CRS>EPSG:3035</CRS>
        <CRS>EPSG:3044</CRS>
        <CRS>EPSG:3045</CRS>
        <CRS>EPSG:3857</CRS>
        <CRS>EPSG:4839</CRS>
        <EX_GeographicBoundingBox>
            <westBoundLongitude>10.897849</westBoundLongitude>
            <eastBoundLongitude>14.904938</eastBoundLongitude>
            <southBoundLatitude>51.299996</southBoundLatitude>
            <northBoundLatitude>53.599995</northBoundLatitude>
        </EX_GeographicBoundingBox>
        <BoundingBox CRS="EPSG:25833"
                    minx="228152" miny="5.69041e+06" maxx="493382" maxy="5.93902e+06" />
        <BoundingBox CRS="EPSG:25832"
                    minx="625795" miny="5.68528e+06" maxx="910928" maxy="5.95521e+06" />
        <BoundingBox CRS="EPSG:4326"
                    minx="51.299996" miny="10.897849" maxx="53.599995" maxy="14.904938" />
        <BoundingBox CRS="EPSG:4258"
                    minx="51.299996" miny="10.897849" maxx="53.599995" maxy="14.904938" />
        <BoundingBox CRS="EPSG:3034"
                    minx="2.72534e+06" miny="4.05756e+06" maxx="2.98243e+06" maxy="4.32964e+06" />
        <BoundingBox CRS="EPSG:3035"
                    minx="3.13269e+06" miny="4.38054e+06" maxx="3.399e+06" maxy="4.66231e+06" />
        <BoundingBox CRS="EPSG:3044"
                    minx="5.68528e+06" miny="625795" maxx="5.95521e+06" maxy="910928" />
        <BoundingBox CRS="EPSG:3045"
                    minx="5.69041e+06" miny="228152" maxx="5.93902e+06" maxy="493382" />
        <BoundingBox CRS="EPSG:3857"
                    minx="1.21314e+06" miny="6.67453e+06" maxx="1.65921e+06" maxy="7.09476e+06" />
        <BoundingBox CRS="EPSG:4839"
                    minx="33513.8" miny="26379.6" maxx="297827" maxy="306311" />
        <Identifier authority="lbgr-brandenburg">5694505e-6ed1-4056-b9cd-d35f30e0cb6d</Identifier>
        <MetadataURL type="ISO19115:2003">
          <Format>application/vnd.ogc.csw.GetRecordByIdResponse_xml</Format>
          <OnlineResource xmlns:xlink="http://www.w3.org/1999/xlink" xlink:type="simple" xlink:href="https://geoportal.brandenburg.de/gs-json/xml?fileid=5694505e-6ed1-4056-b9cd-d35f30e0cb6d"/>
        </MetadataURL>
        <MinScaleDenominator>1</MinScaleDenominator>
        <MaxScaleDenominator>3e+06</MaxScaleDenominator>
      </Layer>
      <Layer queryable="1" opaque="1" cascaded="0">
        <Name>kat2_diff</Name>
        <Title>Reliefeinheiten 2 (differenziert)</Title>
        <Abstract>Der Datensatz beinhaltet Daten des LBGR über die Reliefeinheiten 2 (differenziert) und wird über je einen Darstellungs- und Downloaddienst bereitgestellt. Die geomorphografische Karte Reliefeinheiten 2 beinhaltet die kartierten Senken, tiefliegenden Verflachungen, die Kleinformen der kleinen Rinnen und kleinen Wälle, sowie die Bereiche der glazialen Hochflächen (ausdifferenziert in flache, geneigte und steile Hochflächen).</Abstract>
        <CRS>EPSG:25833</CRS>
        <CRS>EPSG:25832</CRS>
        <CRS>EPSG:4326</CRS>
        <CRS>EPSG:4258</CRS>
        <CRS>EPSG:3034</CRS>
        <CRS>EPSG:3035</CRS>
        <CRS>EPSG:3044</CRS>
        <CRS>EPSG:3045</CRS>
        <CRS>EPSG:3857</CRS>
        <CRS>EPSG:4839</CRS>
        <EX_GeographicBoundingBox>
            <westBoundLongitude>10.897849</westBoundLongitude>
            <eastBoundLongitude>14.904938</eastBoundLongitude>
            <southBoundLatitude>51.299996</southBoundLatitude>
            <northBoundLatitude>53.599995</northBoundLatitude>
        </EX_GeographicBoundingBox>
        <BoundingBox CRS="EPSG:25833"
                    minx="228152" miny="5.69041e+06" maxx="493382" maxy="5.93902e+06" />
        <BoundingBox CRS="EPSG:25832"
                    minx="625795" miny="5.68528e+06" maxx="910928" maxy="5.95521e+06" />
        <BoundingBox CRS="EPSG:4326"
                    minx="51.299996" miny="10.897849" maxx="53.599995" maxy="14.904938" />
        <BoundingBox CRS="EPSG:4258"
                    minx="51.299996" miny="10.897849" maxx="53.599995" maxy="14.904938" />
        <BoundingBox CRS="EPSG:3034"
                    minx="2.72534e+06" miny="4.05756e+06" maxx="2.98243e+06" maxy="4.32964e+06" />
        <BoundingBox CRS="EPSG:3035"
                    minx="3.13269e+06" miny="4.38054e+06" maxx="3.399e+06" maxy="4.66231e+06" />
        <BoundingBox CRS="EPSG:3044"
                    minx="5.68528e+06" miny="625795" maxx="5.95521e+06" maxy="910928" />
        <BoundingBox CRS="EPSG:3045"
                    minx="5.69041e+06" miny="228152" maxx="5.93902e+06" maxy="493382" />
        <BoundingBox CRS="EPSG:3857"
                    minx="1.21314e+06" miny="6.67453e+06" maxx="1.65921e+06" maxy="7.09476e+06" />
        <BoundingBox CRS="EPSG:4839"
                    minx="33513.8" miny="26379.6" maxx="297827" maxy="306311" />
        <Identifier authority="lbgr-brandenburg">e0ff2ace-a61f-46da-ac3b-0916b50b8c96</Identifier>
        <MetadataURL type="ISO19115:2003">
          <Format>application/vnd.ogc.csw.GetRecordByIdResponse_xml</Format>
          <OnlineResource xmlns:xlink="http://www.w3.org/1999/xlink" xlink:type="simple" xlink:href="https://geoportal.brandenburg.de/gs-json/xml?fileid=e0ff2ace-a61f-46da-ac3b-0916b50b8c96"/>
        </MetadataURL>
        <MinScaleDenominator>1</MinScaleDenominator>
        <MaxScaleDenominator>3e+06</MaxScaleDenominator>
      </Layer>
      <Layer queryable="1" opaque="1" cascaded="0">
        <Name>senk</Name>
        <Title>Senkenbereiche (klassifiziert)</Title>
        <Abstract>Der Datensatz beinhaltet Daten des LBGR über die Senkenbereiche (klassifiziert) und wird über je einen Darstellungs- und Downloaddienst bereitgestellt. Die als Senken bereiche ausgewiesenen Gebiete stellen Verflachungen in relativer Tiefenlage des Reliefs dar und basieren grundlegend auf dem Verlauf der Tiefenlinien.</Abstract>
        <CRS>EPSG:25833</CRS>
        <CRS>EPSG:25832</CRS>
        <CRS>EPSG:4326</CRS>
        <CRS>EPSG:4258</CRS>
        <CRS>EPSG:3034</CRS>
        <CRS>EPSG:3035</CRS>
        <CRS>EPSG:3044</CRS>
        <CRS>EPSG:3045</CRS>
        <CRS>EPSG:3857</CRS>
        <CRS>EPSG:4839</CRS>
        <EX_GeographicBoundingBox>
            <westBoundLongitude>10.897849</westBoundLongitude>
            <eastBoundLongitude>14.904938</eastBoundLongitude>
            <southBoundLatitude>51.299996</southBoundLatitude>
            <northBoundLatitude>53.599995</northBoundLatitude>
        </EX_GeographicBoundingBox>
        <BoundingBox CRS="EPSG:25833"
                    minx="228152" miny="5.69041e+06" maxx="493382" maxy="5.93902e+06" />
        <BoundingBox CRS="EPSG:25832"
                    minx="625795" miny="5.68528e+06" maxx="910928" maxy="5.95521e+06" />
        <BoundingBox CRS="EPSG:4326"
                    minx="51.299996" miny="10.897849" maxx="53.599995" maxy="14.904938" />
        <BoundingBox CRS="EPSG:4258"
                    minx="51.299996" miny="10.897849" maxx="53.599995" maxy="14.904938" />
        <BoundingBox CRS="EPSG:3034"
                    minx="2.72534e+06" miny="4.05756e+06" maxx="2.98243e+06" maxy="4.32964e+06" />
        <BoundingBox CRS="EPSG:3035"
                    minx="3.13269e+06" miny="4.38054e+06" maxx="3.399e+06" maxy="4.66231e+06" />
        <BoundingBox CRS="EPSG:3044"
                    minx="5.68528e+06" miny="625795" maxx="5.95521e+06" maxy="910928" />
        <BoundingBox CRS="EPSG:3045"
                    minx="5.69041e+06" miny="228152" maxx="5.93902e+06" maxy="493382" />
        <BoundingBox CRS="EPSG:3857"
                    minx="1.21314e+06" miny="6.67453e+06" maxx="1.65921e+06" maxy="7.09476e+06" />
        <BoundingBox CRS="EPSG:4839"
                    minx="33513.8" miny="26379.6" maxx="297827" maxy="306311" />
        <Identifier authority="lbgr-brandenburg">bae5bcda-9b29-443b-9a31-f0b80a7b4fb1</Identifier>
        <MetadataURL type="ISO19115:2003">
          <Format>application/vnd.ogc.csw.GetRecordByIdResponse_xml</Format>
          <OnlineResource xmlns:xlink="http://www.w3.org/1999/xlink" xlink:type="simple" xlink:href="https://geoportal.brandenburg.de/gs-json/xml?fileid=bae5bcda-9b29-443b-9a31-f0b80a7b4fb1"/>
        </MetadataURL>
        <MinScaleDenominator>1</MinScaleDenominator>
        <MaxScaleDenominator>3e+06</MaxScaleDenominator>
      </Layer>
      <Layer queryable="1" opaque="1" cascaded="0">
        <Name>ghf</Name>
        <Title>Geschlossene Hohlformen</Title>
        <Abstract>Der Datensatz beinhaltet Daten des LBGR über die geschlossenen Hohlformen und wird über je einen Darstellungs- und Downloaddienst bereitgestellt. Als geschlossene Hohlformen werden Flächen gekennzeichnet, die bei angenommener Wasserundurchlässigkeit und ständigem Zufluss mit Wasser gefüllt wären. Sie stellen also abflusslose Senken dar. Dies kann sowohl kleinere Strukturen wie z.B. Tagebaurestlöcher oder Seen mit erhöhter Uferlage, als auch größere Teile von Senkenbereichen treffen.</Abstract>
        <CRS>EPSG:25833</CRS>
        <CRS>EPSG:25832</CRS>
        <CRS>EPSG:4326</CRS>
        <CRS>EPSG:4258</CRS>
        <CRS>EPSG:3034</CRS>
        <CRS>EPSG:3035</CRS>
        <CRS>EPSG:3044</CRS>
        <CRS>EPSG:3045</CRS>
        <CRS>EPSG:3857</CRS>
        <CRS>EPSG:4839</CRS>
        <EX_GeographicBoundingBox>
            <westBoundLongitude>10.897849</westBoundLongitude>
            <eastBoundLongitude>14.904938</eastBoundLongitude>
            <southBoundLatitude>51.299996</southBoundLatitude>
            <northBoundLatitude>53.599995</northBoundLatitude>
        </EX_GeographicBoundingBox>
        <BoundingBox CRS="EPSG:25833"
                    minx="228152" miny="5.69041e+06" maxx="493382" maxy="5.93902e+06" />
        <BoundingBox CRS="EPSG:25832"
                    minx="625795" miny="5.68528e+06" maxx="910928" maxy="5.95521e+06" />
        <BoundingBox CRS="EPSG:4326"
                    minx="51.299996" miny="10.897849" maxx="53.599995" maxy="14.904938" />
        <BoundingBox CRS="EPSG:4258"
                    minx="51.299996" miny="10.897849" maxx="53.599995" maxy="14.904938" />
        <BoundingBox CRS="EPSG:3034"
                    minx="2.72534e+06" miny="4.05756e+06" maxx="2.98243e+06" maxy="4.32964e+06" />
        <BoundingBox CRS="EPSG:3035"
                    minx="3.13269e+06" miny="4.38054e+06" maxx="3.399e+06" maxy="4.66231e+06" />
        <BoundingBox CRS="EPSG:3044"
                    minx="5.68528e+06" miny="625795" maxx="5.95521e+06" maxy="910928" />
        <BoundingBox CRS="EPSG:3045"
                    minx="5.69041e+06" miny="228152" maxx="5.93902e+06" maxy="493382" />
        <BoundingBox CRS="EPSG:3857"
                    minx="1.21314e+06" miny="6.67453e+06" maxx="1.65921e+06" maxy="7.09476e+06" />
        <BoundingBox CRS="EPSG:4839"
                    minx="33513.8" miny="26379.6" maxx="297827" maxy="306311" />
        <Identifier authority="lbgr-brandenburg">4109d0ae-6a59-4519-8d10-443467206d89</Identifier>
        <MetadataURL type="ISO19115:2003">
          <Format>application/vnd.ogc.csw.GetRecordByIdResponse_xml</Format>
          <OnlineResource xmlns:xlink="http://www.w3.org/1999/xlink" xlink:type="simple" xlink:href="https://geoportal.brandenburg.de/gs-json/xml?fileid=4109d0ae-6a59-4519-8d10-443467206d89"/>
        </MetadataURL>
        <MinScaleDenominator>1</MinScaleDenominator>
        <MaxScaleDenominator>3e+06</MaxScaleDenominator>
      </Layer>
    </Layer>
  </Layer>
</Capability>
</WMS_Capabilities>
