<?xml version='1.0' encoding='UTF-8'?>
<WFS_Capabilities version="2.0.0" xmlns="http://www.opengis.net/wfs/2.0" xmlns:wfs="http://www.opengis.net/wfs/2.0" xmlns:ows="http://www.opengis.net/ows/1.1" xmlns:ogc="http://www.opengis.net/ogc" xmlns:fes="http://www.opengis.net/fes/2.0" xmlns:gml="http://www.opengis.net/gml" xmlns:xlink="http://www.w3.org/1999/xlink" xmlns:xsi="http://www.w3.org/2001/XMLSchema-instance" xsi:schemaLocation="http://www.opengis.net/wfs/2.0 http://schemas.opengis.net/wfs/2.0/wfs.xsd">
  <ows:ServiceIdentification>
    <ows:Title>Downloaddienst: Geomorphografische Auswertungen (WFS-LBGR-GMK)</ows:Title>
    <ows:Abstract>Der Downloaddienst (WFS) Geomorphografische Auswertungen gibt einen Überblick über die Tiefen- sowie Kulminationslinien (Komplexe Parameter) im Land Brandenburg.</ows:Abstract>
    <ows:Keywords>
      <ows:Keyword>WFS</ows:Keyword>
      <ows:Keyword>infoFeatureAccessService</ows:Keyword>
      <ows:Keyword>Boden</ows:Keyword>
      <ows:Keyword>Bodenkunde</ows:Keyword>
      <ows:Keyword>Geologie</ows:Keyword>
      <ows:Keyword>Bodenfeuchtigkeit</ows:Keyword>
      <ows:Keyword>Geomorphologie</ows:Keyword>
      <ows:Keyword>Bodenfeuchteindex</ows:Keyword>
      <ows:Keyword>Exposition</ows:Keyword>
      <ows:Keyword>Geländeerhebung</ows:Keyword>
      <ows:Keyword>Geländemodell</ows:Keyword>
      <ows:Keyword>Hangneigung</ows:Keyword>
      <ows:Keyword>Hohlform</ows:Keyword>
      <ows:Keyword>Ableitungen</ows:Keyword>
      <ows:Keyword>Divergenz-Konvergenz Index</ows:Keyword>
      <ows:Keyword>Klassifizierungen</ows:Keyword>
      <ows:Keyword>Kulminationslinie</ows:Keyword>
      <ows:Keyword>Landschaftseinheiten</ows:Keyword>
      <ows:Keyword>Multiresolution Index for Valley Bottom Flatness</ows:Keyword>
      <ows:Keyword>Neigung</ows:Keyword>
      <ows:Keyword>Reliefeinheiten</ows:Keyword>
      <ows:Keyword>Scheitelbereichsindex</ows:Keyword>
      <ows:Keyword>Senken</ows:Keyword>
      <ows:Keyword>Senkenbereiche</ows:Keyword>
      <ows:Keyword>Terrain Classification</ows:Keyword>
      <ows:Keyword>Tiefenlinien</ows:Keyword>
    </ows:Keywords>
    <ows:ServiceType codeSpace="http://www.opengeospatial.org/">WFS</ows:ServiceType>
    <ows:ServiceTypeVersion>2.0.0</ows:ServiceTypeVersion>
    <ows:ServiceTypeVersion>1.1.0</ows:ServiceTypeVersion>
    <ows:Fees>Nutzung erfolgt derzeit kostenfrei unter Beachtung des Urheberrechts.</ows:Fees>
    <ows:AccessConstraints>Es gelten die Bedingungen der Datenlizenz Deutschland – Namensnennung – Version 2.0: https://www.govdata.de/dl-de/by-2-0. Als Bezeichnung des Bereitstellers ist „© Landesamt für Bergbau, Geologie und Rohstoffe Brandenburg“ anzugeben.</ows:AccessConstraints>
  </ows:ServiceIdentification>
  <ows:ServiceProvider>
    <ows:ProviderName>Landesvermessung und Geobasisinformation Brandenburg (LGB)</ows:ProviderName>
    <ows:ProviderSite xlink:href="https://inspire.brandenburg.de"/>
    <ows:ServiceContact>
      <ows:IndividualName>INSPIRE-Zentrale im Land Brandenburg</ows:IndividualName>
      <ows:PositionName>Kundenservice</ows:PositionName>
      <ows:ContactInfo>
        <ows:Phone>
          <ows:Voice>+49-331-8844-123</ows:Voice>
          <ows:Facsimile>+49-331-8844-16123</ows:Facsimile>
        </ows:Phone>
        <ows:Address>
          <ows:DeliveryPoint>Heinrich-Mann-Allee 104 B</ows:DeliveryPoint>
          <ows:City>Potsdam</ows:City>
          <ows:AdministrativeArea>Brandenburg</ows:AdministrativeArea>
          <ows:PostalCode>14473</ows:PostalCode>
          <ows:Country>Deutschland</ows:Country>
          <ows:ElectronicMailAddress>zentrale@inspire.brandenburg.de</ows:ElectronicMailAddress>
        </ows:Address>
        <ows:OnlineResource xlink:href="https://geoportal.brandenburg.de/detailansichtdienst/render?view=gdibb&amp;url=https%3A%2F%2Fgeoportal.brandenburg.de%2Fgs-json%2Fxml%3Ffileid%3Dd1d10acd-92f8-4b23-ac46-cf9c329ff75a"/>
        <ows:HoursOfService>24/7</ows:HoursOfService>
        <ows:ContactInstructions></ows:ContactInstructions>
      </ows:ContactInfo>
      <ows:Role>ServiceCenter</ows:Role>
    </ows:ServiceContact>
  </ows:ServiceProvider>
  <ows:OperationsMetadata>
    <ows:Operation name="GetCapabilities">
      <ows:DCP>
        <ows:HTTP>
          <ows:Get xlink:href="https://inspire.brandenburg.de:80/services/gmk_wfs?"/>
          <ows:Post xlink:href="https://inspire.brandenburg.de:80/services/gmk_wfs"/>
        </ows:HTTP>
      </ows:DCP>
      <ows:Parameter name="AcceptVersions">
        <ows:AllowedValues>
          <ows:Value>2.0.0</ows:Value>
          <ows:Value>1.1.0</ows:Value>
        </ows:AllowedValues>
      </ows:Parameter>
      <ows:Parameter name="AcceptFormats">
        <ows:AllowedValues>
          <ows:Value>text/xml</ows:Value>
        </ows:AllowedValues>
      </ows:Parameter>
      <ows:Parameter name="Sections">
        <ows:AllowedValues>
          <ows:Value>ServiceIdentification</ows:Value>
          <ows:Value>ServiceProvider</ows:Value>
          <ows:Value>OperationsMetadata</ows:Value>
          <ows:Value>FeatureTypeList</ows:Value>
          <ows:Value>Filter_Capabilities</ows:Value>
        </ows:AllowedValues>
      </ows:Parameter>
    </ows:Operation>
    <ows:Operation name="DescribeFeatureType">
      <ows:DCP>
        <ows:HTTP>
          <ows:Get xlink:href="https://inspire.brandenburg.de:80/services/gmk_wfs?"/>
          <ows:Post xlink:href="https://inspire.brandenburg.de:80/services/gmk_wfs"/>
        </ows:HTTP>
      </ows:DCP>
    </ows:Operation>
    <ows:Operation name="ListStoredQueries">
      <ows:DCP>
        <ows:HTTP>
          <ows:Get xlink:href="https://inspire.brandenburg.de:80/services/gmk_wfs?"/>
          <ows:Post xlink:href="https://inspire.brandenburg.de:80/services/gmk_wfs"/>
        </ows:HTTP>
      </ows:DCP>
    </ows:Operation>
    <ows:Operation name="DescribeStoredQueries">
      <ows:DCP>
        <ows:HTTP>
          <ows:Get xlink:href="https://inspire.brandenburg.de:80/services/gmk_wfs?"/>
          <ows:Post xlink:href="https://inspire.brandenburg.de:80/services/gmk_wfs"/>
        </ows:HTTP>
      </ows:DCP>
    </ows:Operation>
    <ows:Operation name="GetFeature">
      <ows:DCP>
        <ows:HTTP>
          <ows:Get xlink:href="https://inspire.brandenburg.de:80/services/gmk_wfs?"/>
          <ows:Post xlink:href="https://inspire.brandenburg.de:80/services/gmk_wfs"/>
        </ows:HTTP>
      </ows:DCP>
    </ows:Operation>
    <ows:Operation name="GetPropertyValue">
      <ows:DCP>
        <ows:HTTP>
          <ows:Get xlink:href="https://inspire.brandenburg.de:80/services/gmk_wfs?"/>
          <ows:Post xlink:href="https://inspire.brandenburg.de:80/services/gmk_wfs"/>
        </ows:HTTP>
      </ows:DCP>
    </ows:Operation>
    <ows:Parameter name="version">
      <ows:AllowedValues>
        <ows:Value>2.0.0</ows:Value>
        <ows:Value>1.1.0</ows:Value>
      </ows:AllowedValues>
    </ows:Parameter>
    <ows:Parameter name="srsName">
      <ows:AllowedValues>
        <ows:Value>urn:ogc:def:crs:EPSG::25833</ows:Value>
        <ows:Value>urn:ogc:def:crs:EPSG::25832</ows:Value>
        <ows:Value>urn:ogc:def:crs:EPSG::4326</ows:Value>
        <ows:Value>urn:ogc:def:crs:EPSG::4258</ows:Value>
        <ows:Value>urn:ogc:def:crs:EPSG::3034</ows:Value>
        <ows:Value>urn:ogc:def:crs:EPSG::3035</ows:Value>
        <ows:Value>urn:ogc:def:crs:EPSG::3044</ows:Value>
        <ows:Value>urn:ogc:def:crs:EPSG::3045</ows:Value>
        <ows:Value>urn:ogc:def:crs:EPSG::3857</ows:Value>
        <ows:Value>urn:ogc:def:crs:EPSG::4839</ows:Value>
      </ows:AllowedValues>
    </ows:Parameter>
    <ows:Parameter name="outputFormat">
      <ows:AllowedValues>
        <ows:Value>application/gml+xml; version=2.1</ows:Value>
        <ows:Value>application/gml+xml; version=3.0</ows:Value>
        <ows:Value>application/gml+xml; version=3.1</ows:Value>
        <ows:Value>application/gml+xml; version=3.2</ows:Value>
        <ows:Value>text/xml; subtype=gml/2.1.2</ows:Value>
        <ows:Value>text/xml; subtype=gml/3.0.1</ows:Value>
        <ows:Value>text/xml; subtype=gml/3.1.1</ows:Value>
        <ows:Value>text/xml; subtype=gml/3.2.1</ows:Value>
        <ows:Value>text/xml; subtype=gml/3.2.2</ows:Value>
        <ows:Value>text/xml; subtype="gml/2.1.2"</ows:Value>
        <ows:Value>text/xml; subtype="gml/3.0.1"</ows:Value>
        <ows:Value>text/xml; subtype="gml/3.1.1"</ows:Value>
        <ows:Value>text/xml; subtype="gml/3.2.1"</ows:Value>
        <ows:Value>text/xml; subtype="gml/3.2.2"</ows:Value>
        <ows:Value>text/csv</ows:Value>
        <ows:Value>application/geo+json</ows:Value>
      </ows:AllowedValues>
    </ows:Parameter>
    <ows:Parameter name="resolve">
      <ows:AllowedValues>
        <ows:Value>none</ows:Value>
        <ows:Value>local</ows:Value>
        <ows:Value>remote</ows:Value>
        <ows:Value>all</ows:Value>
      </ows:AllowedValues>
    </ows:Parameter>
    <ows:Constraint name="ImplementsSimpleWFS">
      <ows:NoValues/>
      <ows:DefaultValue>TRUE</ows:DefaultValue>
    </ows:Constraint>
    <ows:Constraint name="ImplementsBasicWFS">
      <ows:NoValues/>
      <ows:DefaultValue>TRUE</ows:DefaultValue>
    </ows:Constraint>
    <ows:Constraint name="ImplementsTransactionalWFS">
      <ows:NoValues/>
      <ows:DefaultValue>FALSE</ows:DefaultValue>
    </ows:Constraint>
    <ows:Constraint name="ImplementsLockingWFS">
      <ows:NoValues/>
      <ows:DefaultValue>FALSE</ows:DefaultValue>
    </ows:Constraint>
    <ows:Constraint name="KVPEncoding">
      <ows:NoValues/>
      <ows:DefaultValue>TRUE</ows:DefaultValue>
    </ows:Constraint>
    <ows:Constraint name="XMLEncoding">
      <ows:NoValues/>
      <ows:DefaultValue>TRUE</ows:DefaultValue>
    </ows:Constraint>
    <ows:Constraint name="SOAPEncoding">
      <ows:NoValues/>
      <ows:DefaultValue>FALSE</ows:DefaultValue>
    </ows:Constraint>
    <ows:Constraint name="ImplementsInheritance">
      <ows:NoValues/>
      <ows:DefaultValue>FALSE</ows:DefaultValue>
    </ows:Constraint>
    <ows:Constraint name="ImplementsRemoteResolve">
      <ows:NoValues/>
      <ows:DefaultValue>FALSE</ows:DefaultValue>
    </ows:Constraint>
    <ows:Constraint name="ImplementsResultPaging">
      <ows:NoValues/>
      <ows:DefaultValue>FALSE</ows:DefaultValue>
    </ows:Constraint>
    <ows:Constraint name="ImplementsStandardJoins">
      <ows:NoValues/>
      <ows:DefaultValue>FALSE</ows:DefaultValue>
    </ows:Constraint>
    <ows:Constraint name="ImplementsSpatialJoins">
      <ows:NoValues/>
      <ows:DefaultValue>TRUE</ows:DefaultValue>
    </ows:Constraint>
    <ows:Constraint name="ImplementsTemporalJoins">
      <ows:NoValues/>
      <ows:DefaultValue>FALSE</ows:DefaultValue>
    </ows:Constraint>
    <ows:Constraint name="ImplementsFeatureVersioning">
      <ows:NoValues/>
      <ows:DefaultValue>FALSE</ows:DefaultValue>
    </ows:Constraint>
    <ows:Constraint name="ManageStoredQueries">
      <ows:NoValues/>
      <ows:DefaultValue>FALSE</ows:DefaultValue>
    </ows:Constraint>
    <ows:Constraint name="CountDefault">
      <ows:NoValues/>
      <ows:DefaultValue>300000</ows:DefaultValue>
    </ows:Constraint>
    <ows:Constraint name="ResolveLocalScope">
      <ows:NoValues/>
      <ows:DefaultValue>*</ows:DefaultValue>
    </ows:Constraint>
    <ows:Constraint name="QueryExpressions">
      <ows:AllowedValues>
        <ows:Value>wfs:Query</ows:Value>
        <ows:Value>wfs:StoredQuery</ows:Value>
      </ows:AllowedValues>
    </ows:Constraint>
    <ows:ExtendedCapabilities>
      <inspire_dls:ExtendedCapabilities xmlns="http://www.deegree.org/services/metadata" xmlns:inspire_common="http://inspire.ec.europa.eu/schemas/common/1.0" xmlns:inspire_dls="http://inspire.ec.europa.eu/schemas/inspire_dls/1.0" xmlns:xsi="http://www.w3.org/2001/XMLSchema-instance" xsi:schemaLocation="http://inspire.ec.europa.eu/schemas/common/1.0       http://inspire.ec.europa.eu/schemas/common/1.0/common.xsd       http://inspire.ec.europa.eu/schemas/inspire_dls/1.0       http://inspire.ec.europa.eu/schemas/inspire_dls/1.0/inspire_dls.xsd">
        <inspire_common:MetadataUrl>
          <inspire_common:URL>https://geoportal.brandenburg.de/gs-json/xml?fileid=d1d10acd-92f8-4b23-ac46-cf9c329ff75a</inspire_common:URL>
          <inspire_common:MediaType>application/vnd.iso.19139+xml</inspire_common:MediaType>
			
        </inspire_common:MetadataUrl>
        <inspire_common:SupportedLanguages>
          <inspire_common:DefaultLanguage>
            <inspire_common:Language>ger</inspire_common:Language>
				
          </inspire_common:DefaultLanguage>
			
        </inspire_common:SupportedLanguages>
        <inspire_common:ResponseLanguage>
          <inspire_common:Language>ger</inspire_common:Language>
			
        </inspire_common:ResponseLanguage>
        <inspire_dls:SpatialDataSetIdentifier>
          <inspire_common:Code>6b6f3790-5a5d-49cf-8146-a8f29189ad92</inspire_common:Code>
          <inspire_common:Namespace>https://geoportal.brandenburg.de/registry/lbgr-brandenburg</inspire_common:Namespace>
			
        </inspire_dls:SpatialDataSetIdentifier>
        <inspire_dls:SpatialDataSetIdentifier>
          <inspire_common:Code>2a420abe-cfac-4804-acec-6dcdf69717d8</inspire_common:Code>
          <inspire_common:Namespace>https://geoportal.brandenburg.de/registry/lbgr-brandenburg</inspire_common:Namespace>
			
        </inspire_dls:SpatialDataSetIdentifier>
        <inspire_dls:SpatialDataSetIdentifier>
          <inspire_common:Code>ecfc959d-0ffc-4108-89c4-9ac50ea10205</inspire_common:Code>
          <inspire_common:Namespace>https://geoportal.brandenburg.de/registry/lbgr-brandenburg</inspire_common:Namespace>
			
        </inspire_dls:SpatialDataSetIdentifier>
		
      </inspire_dls:ExtendedCapabilities>
    </ows:ExtendedCapabilities>
  </ows:OperationsMetadata>
  <FeatureTypeList>
    <FeatureType>
      <Name xmlns:app="http://www.deegree.org/app">app:tfl_dicht</Name>
      <Title>Tiefenlinien (dicht)</Title>
      <Abstract>Der Datensatz beinhaltet Daten des LBGR über die Tiefenlinien und wird über je einen Darstellungs- und Downloaddienst bereitgestellt. Die Tiefenlinien stellen die potenziellen Abflusswege des Oberflächenwassers dar. Sie bilden die lokale Erosionsbasis, auf die sich alle Transportprozesse des Bodens und des Wassers beziehen. Gegenstück der Tiefenlinien sind die sogenannten Kulminationslinien, die die Scheitellinien von Erhebungen darstellen.</Abstract>
      <DefaultCRS>urn:ogc:def:crs:EPSG::25833</DefaultCRS>
      <OtherCRS>urn:ogc:def:crs:EPSG::25832</OtherCRS>
      <OtherCRS>urn:ogc:def:crs:EPSG::4326</OtherCRS>
      <OtherCRS>urn:ogc:def:crs:EPSG::4258</OtherCRS>
      <OtherCRS>urn:ogc:def:crs:EPSG::3034</OtherCRS>
      <OtherCRS>urn:ogc:def:crs:EPSG::3035</OtherCRS>
      <OtherCRS>urn:ogc:def:crs:EPSG::3044</OtherCRS>
      <OtherCRS>urn:ogc:def:crs:EPSG::3045</OtherCRS>
      <OtherCRS>urn:ogc:def:crs:EPSG::3857</OtherCRS>
      <OtherCRS>urn:ogc:def:crs:EPSG::4839</OtherCRS>
      <OutputFormats>
        <Format>application/gml+xml; version=2.1</Format>
        <Format>application/gml+xml; version=3.0</Format>
        <Format>application/gml+xml; version=3.1</Format>
        <Format>application/gml+xml; version=3.2</Format>
        <Format>text/xml; subtype=gml/2.1.2</Format>
        <Format>text/xml; subtype=gml/3.0.1</Format>
        <Format>text/xml; subtype=gml/3.1.1</Format>
        <Format>text/xml; subtype=gml/3.2.1</Format>
        <Format>text/xml; subtype=gml/3.2.2</Format>
        <Format>text/xml; subtype="gml/2.1.2"</Format>
        <Format>text/xml; subtype="gml/3.0.1"</Format>
        <Format>text/xml; subtype="gml/3.1.1"</Format>
        <Format>text/xml; subtype="gml/3.2.1"</Format>
        <Format>text/xml; subtype="gml/3.2.2"</Format>
        <Format>text/csv</Format>
        <Format>application/geo+json</Format>
      </OutputFormats>
      <ows:WGS84BoundingBox>
        <ows:LowerCorner>11.232607 51.312626</ows:LowerCorner>
        <ows:UpperCorner>14.767001 53.563894</ows:UpperCorner>
      </ows:WGS84BoundingBox>
      <MetadataURL xlink:href="https://geoportal.brandenburg.de/gs-json/xml?fileid=6b6f3790-5a5d-49cf-8146-a8f29189ad92"/>
    </FeatureType>
    <FeatureType>
      <Name xmlns:app="http://www.deegree.org/app">app:tfl_ausgeduennt</Name>
      <Title>Tiefenlinien (ausgedünnt)</Title>
      <Abstract>Der Datensatz beinhaltet Daten des LBGR über die Tiefenlinien und wird über je einen Darstellungs- und Downloaddienst bereitgestellt. Die Tiefenlinien stellen die potenziellen Abflusswege des Oberflächenwassers dar. Sie bilden die lokale Erosionsbasis, auf die sich alle Transportprozesse des Bodens und des Wassers beziehen. Gegenstück der Tiefenlinien sind die sogenannten Kulminationslinien, die die Scheitellinien von Erhebungen darstellen.</Abstract>
      <DefaultCRS>urn:ogc:def:crs:EPSG::25833</DefaultCRS>
      <OtherCRS>urn:ogc:def:crs:EPSG::25832</OtherCRS>
      <OtherCRS>urn:ogc:def:crs:EPSG::4326</OtherCRS>
      <OtherCRS>urn:ogc:def:crs:EPSG::4258</OtherCRS>
      <OtherCRS>urn:ogc:def:crs:EPSG::3034</OtherCRS>
      <OtherCRS>urn:ogc:def:crs:EPSG::3035</OtherCRS>
      <OtherCRS>urn:ogc:def:crs:EPSG::3044</OtherCRS>
      <OtherCRS>urn:ogc:def:crs:EPSG::3045</OtherCRS>
      <OtherCRS>urn:ogc:def:crs:EPSG::3857</OtherCRS>
      <OtherCRS>urn:ogc:def:crs:EPSG::4839</OtherCRS>
      <OutputFormats>
        <Format>application/gml+xml; version=2.1</Format>
        <Format>application/gml+xml; version=3.0</Format>
        <Format>application/gml+xml; version=3.1</Format>
        <Format>application/gml+xml; version=3.2</Format>
        <Format>text/xml; subtype=gml/2.1.2</Format>
        <Format>text/xml; subtype=gml/3.0.1</Format>
        <Format>text/xml; subtype=gml/3.1.1</Format>
        <Format>text/xml; subtype=gml/3.2.1</Format>
        <Format>text/xml; subtype=gml/3.2.2</Format>
        <Format>text/xml; subtype="gml/2.1.2"</Format>
        <Format>text/xml; subtype="gml/3.0.1"</Format>
        <Format>text/xml; subtype="gml/3.1.1"</Format>
        <Format>text/xml; subtype="gml/3.2.1"</Format>
        <Format>text/xml; subtype="gml/3.2.2"</Format>
        <Format>text/csv</Format>
        <Format>application/geo+json</Format>
      </OutputFormats>
      <ows:WGS84BoundingBox>
        <ows:LowerCorner>11.232615 51.315229</ows:LowerCorner>
        <ows:UpperCorner>14.766988 53.563804</ows:UpperCorner>
      </ows:WGS84BoundingBox>
      <MetadataURL xlink:href="https://geoportal.brandenburg.de/gs-json/xml?fileid=2a420abe-cfac-4804-acec-6dcdf69717d8"/>
    </FeatureType>
    <FeatureType>
      <Name xmlns:app="http://www.deegree.org/app">app:kull</Name>
      <Title>Kulminationslinien</Title>
      <Abstract>Der Datensatz beinhaltet Daten des LBGR über die Kulminationslinien und wird über je einen Darstellungs- und Downloaddienst bereitgestellt. Die Kulminationslinien bilden praktisch das Gegenstück zu den Tiefenlinien und stellen die Scheitelbereiche der lokalen Erhebungen dar. Bei Niederschlagsereignissen wirken sie als Wasserscheiden im Abflussgeschehen.</Abstract>
      <DefaultCRS>urn:ogc:def:crs:EPSG::25833</DefaultCRS>
      <OtherCRS>urn:ogc:def:crs:EPSG::25832</OtherCRS>
      <OtherCRS>urn:ogc:def:crs:EPSG::4326</OtherCRS>
      <OtherCRS>urn:ogc:def:crs:EPSG::4258</OtherCRS>
      <OtherCRS>urn:ogc:def:crs:EPSG::3034</OtherCRS>
      <OtherCRS>urn:ogc:def:crs:EPSG::3035</OtherCRS>
      <OtherCRS>urn:ogc:def:crs:EPSG::3044</OtherCRS>
      <OtherCRS>urn:ogc:def:crs:EPSG::3045</OtherCRS>
      <OtherCRS>urn:ogc:def:crs:EPSG::3857</OtherCRS>
      <OtherCRS>urn:ogc:def:crs:EPSG::4839</OtherCRS>
      <OutputFormats>
        <Format>application/gml+xml; version=2.1</Format>
        <Format>application/gml+xml; version=3.0</Format>
        <Format>application/gml+xml; version=3.1</Format>
        <Format>application/gml+xml; version=3.2</Format>
        <Format>text/xml; subtype=gml/2.1.2</Format>
        <Format>text/xml; subtype=gml/3.0.1</Format>
        <Format>text/xml; subtype=gml/3.1.1</Format>
        <Format>text/xml; subtype=gml/3.2.1</Format>
        <Format>text/xml; subtype=gml/3.2.2</Format>
        <Format>text/xml; subtype="gml/2.1.2"</Format>
        <Format>text/xml; subtype="gml/3.0.1"</Format>
        <Format>text/xml; subtype="gml/3.1.1"</Format>
        <Format>text/xml; subtype="gml/3.2.1"</Format>
        <Format>text/xml; subtype="gml/3.2.2"</Format>
        <Format>text/csv</Format>
        <Format>application/geo+json</Format>
      </OutputFormats>
      <ows:WGS84BoundingBox>
        <ows:LowerCorner>11.442411 51.319451</ows:LowerCorner>
        <ows:UpperCorner>14.758664 53.495923</ows:UpperCorner>
      </ows:WGS84BoundingBox>
      <MetadataURL xlink:href="https://geoportal.brandenburg.de/gs-json/xml?fileid=ecfc959d-0ffc-4108-89c4-9ac50ea10205"/>
    </FeatureType>
  </FeatureTypeList>
  <fes:Filter_Capabilities>
    <fes:Conformance>
      <fes:Constraint name="ImplementsQuery">
        <ows:NoValues/>
        <ows:DefaultValue>TRUE</ows:DefaultValue>
      </fes:Constraint>
      <fes:Constraint name="ImplementsAdHocQuery">
        <ows:NoValues/>
        <ows:DefaultValue>TRUE</ows:DefaultValue>
      </fes:Constraint>
      <fes:Constraint name="ImplementsFunctions">
        <ows:NoValues/>
        <ows:DefaultValue>TRUE</ows:DefaultValue>
      </fes:Constraint>
      <fes:Constraint name="ImplementsResourceId">
        <ows:NoValues/>
        <ows:DefaultValue>TRUE</ows:DefaultValue>
      </fes:Constraint>
      <fes:Constraint name="ImplementsMinStandardFilter">
        <ows:NoValues/>
        <ows:DefaultValue>TRUE</ows:DefaultValue>
      </fes:Constraint>
      <fes:Constraint name="ImplementsStandardFilter">
        <ows:NoValues/>
        <ows:DefaultValue>TRUE</ows:DefaultValue>
      </fes:Constraint>
      <fes:Constraint name="ImplementsMinSpatialFilter">
        <ows:NoValues/>
        <ows:DefaultValue>TRUE</ows:DefaultValue>
      </fes:Constraint>
      <fes:Constraint name="ImplementsSpatialFilter">
        <ows:NoValues/>
        <ows:DefaultValue>TRUE</ows:DefaultValue>
      </fes:Constraint>
      <fes:Constraint name="ImplementsMinTemporalFilter">
        <ows:NoValues/>
        <ows:DefaultValue>TRUE</ows:DefaultValue>
      </fes:Constraint>
      <fes:Constraint name="ImplementsTemporalFilter">
        <ows:NoValues/>
        <ows:DefaultValue>TRUE</ows:DefaultValue>
      </fes:Constraint>
      <fes:Constraint name="ImplementsVersionNav">
        <ows:NoValues/>
        <ows:DefaultValue>FALSE</ows:DefaultValue>
      </fes:Constraint>
      <fes:Constraint name="ImplementsSorting">
        <ows:NoValues/>
        <ows:DefaultValue>TRUE</ows:DefaultValue>
      </fes:Constraint>
      <fes:Constraint name="ImplementsExtendedOperators">
        <ows:NoValues/>
        <ows:DefaultValue>FALSE</ows:DefaultValue>
      </fes:Constraint>
      <fes:Constraint name="ImplementsMinimumXPath">
        <ows:NoValues/>
        <ows:DefaultValue>TRUE</ows:DefaultValue>
      </fes:Constraint>
      <fes:Constraint name="ImplementsSchemaElementFunc">
        <ows:NoValues/>
        <ows:DefaultValue>FALSE</ows:DefaultValue>
      </fes:Constraint>
    </fes:Conformance>
    <fes:Id_Capabilities>
      <fes:ResourceIdentifier name="fes:ResourceId"/>
    </fes:Id_Capabilities>
    <fes:Scalar_Capabilities>
      <fes:LogicalOperators/>
      <fes:ComparisonOperators>
        <fes:ComparisonOperator name="PropertyIsEqualTo"/>
        <fes:ComparisonOperator name="PropertyIsNotEqualTo"/>
        <fes:ComparisonOperator name="PropertyIsLessThan"/>
        <fes:ComparisonOperator name="PropertyIsGreaterThan"/>
        <fes:ComparisonOperator name="PropertyIsLessThanOrEqualTo"/>
        <fes:ComparisonOperator name="PropertyIsGreaterThanOrEqualTo"/>
        <fes:ComparisonOperator name="PropertyIsLike"/>
        <fes:ComparisonOperator name="PropertyIsNull"/>
        <fes:ComparisonOperator name="PropertyIsNil"/>
        <fes:ComparisonOperator name="PropertyIsBetween"/>
      </fes:ComparisonOperators>
    </fes:Scalar_Capabilities>
    <fes:Spatial_Capabilities>
      <fes:GeometryOperands xmlns:gml="http://www.opengis.net/gml" xmlns:gml32="http://www.opengis.net/gml/3.2">
        <fes:GeometryOperand name="gml:Box"/>
        <fes:GeometryOperand name="gml:Envelope"/>
        <fes:GeometryOperand name="gml:Point"/>
        <fes:GeometryOperand name="gml:LineString"/>
        <fes:GeometryOperand name="gml:Curve"/>
        <fes:GeometryOperand name="gml:Polygon"/>
        <fes:GeometryOperand name="gml:Surface"/>
        <fes:GeometryOperand name="gml:MultiPoint"/>
        <fes:GeometryOperand name="gml:MultiLineString"/>
        <fes:GeometryOperand name="gml:MultiCurve"/>
        <fes:GeometryOperand name="gml:MultiPolygon"/>
        <fes:GeometryOperand name="gml:MultiSurface"/>
        <fes:GeometryOperand name="gml:CompositeCurve"/>
        <fes:GeometryOperand name="gml:CompositeSurface"/>
        <fes:GeometryOperand name="gml32:Envelope"/>
        <fes:GeometryOperand name="gml32:Point"/>
        <fes:GeometryOperand name="gml32:LineString"/>
        <fes:GeometryOperand name="gml32:Curve"/>
        <fes:GeometryOperand name="gml32:Polygon"/>
        <fes:GeometryOperand name="gml32:Surface"/>
        <fes:GeometryOperand name="gml32:MultiPoint"/>
        <fes:GeometryOperand name="gml32:MultiLineString"/>
        <fes:GeometryOperand name="gml32:MultiCurve"/>
        <fes:GeometryOperand name="gml32:MultiPolygon"/>
        <fes:GeometryOperand name="gml32:MultiSurface"/>
        <fes:GeometryOperand name="gml32:CompositeCurve"/>
        <fes:GeometryOperand name="gml32:CompositeSurface"/>
      </fes:GeometryOperands>
      <fes:SpatialOperators>
        <fes:SpatialOperator name="BBOX"/>
        <fes:SpatialOperator name="Equals"/>
        <fes:SpatialOperator name="Disjoint"/>
        <fes:SpatialOperator name="Intersects"/>
        <fes:SpatialOperator name="Touches"/>
        <fes:SpatialOperator name="Crosses"/>
        <fes:SpatialOperator name="Within"/>
        <fes:SpatialOperator name="Contains"/>
        <fes:SpatialOperator name="Overlaps"/>
        <fes:SpatialOperator name="Beyond"/>
        <fes:SpatialOperator name="DWithin"/>
      </fes:SpatialOperators>
    </fes:Spatial_Capabilities>
    <fes:Temporal_Capabilities>
      <fes:TemporalOperands xmlns:gml="http://www.opengis.net/gml" xmlns:gml32="http://www.opengis.net/gml/3.2">
        <fes:TemporalOperand name="gml:TimeInstant"/>
        <fes:TemporalOperand name="gml:TimePeriod"/>
        <fes:TemporalOperand name="gml32:TimeInstant"/>
        <fes:TemporalOperand name="gml32:TimePeriod"/>
      </fes:TemporalOperands>
      <fes:TemporalOperators>
        <fes:TemporalOperator name="After"/>
        <fes:TemporalOperator name="Before"/>
        <fes:TemporalOperator name="During"/>
        <fes:TemporalOperator name="TEquals"/>
      </fes:TemporalOperators>
    </fes:Temporal_Capabilities>
    <fes:Functions>
      <fes:Function name="Area">
        <fes:Returns xmlns:xsd="http://www.w3.org/2001/XMLSchema">xsd:double</fes:Returns>
        <fes:Arguments>
          <fes:Argument name="arg1">
            <fes:Type xmlns:gml="http://www.opengis.net/gml">gml:_Geometry</fes:Type>
          </fes:Argument>
        </fes:Arguments>
      </fes:Function>
      <fes:Function name="Area">
        <fes:Returns xmlns:xsd="http://www.w3.org/2001/XMLSchema">xsd:double</fes:Returns>
        <fes:Arguments>
          <fes:Argument name="arg1">
            <fes:Type xmlns:gml32="http://www.opengis.net/gml/3.2">gml32:AbstractGeometry</fes:Type>
          </fes:Argument>
        </fes:Arguments>
      </fes:Function>
      <fes:Function name="Centroid">
        <fes:Returns xmlns:gml="http://www.opengis.net/gml">gml:Point</fes:Returns>
        <fes:Arguments>
          <fes:Argument name="arg1">
            <fes:Type xmlns:gml="http://www.opengis.net/gml">gml:_Geometry</fes:Type>
          </fes:Argument>
        </fes:Arguments>
      </fes:Function>
      <fes:Function name="Centroid">
        <fes:Returns xmlns:gml32="http://www.opengis.net/gml/3.2">gml32:Point</fes:Returns>
        <fes:Arguments>
          <fes:Argument name="arg1">
            <fes:Type xmlns:gml32="http://www.opengis.net/gml/3.2">gml32:AbstractGeometry</fes:Type>
          </fes:Argument>
        </fes:Arguments>
      </fes:Function>
      <fes:Function name="env">
        <fes:Returns xmlns:xsd="http://www.w3.org/2001/XMLSchema">xsd:anyType</fes:Returns>
        <fes:Arguments>
          <fes:Argument name="arg1">
            <fes:Type xmlns:xsd="http://www.w3.org/2001/XMLSchema">xsd:string</fes:Type>
          </fes:Argument>
          <fes:Argument name="arg2">
            <fes:Type xmlns:xsd="http://www.w3.org/2001/XMLSchema">xsd:anyType</fes:Type>
          </fes:Argument>
        </fes:Arguments>
      </fes:Function>
      <fes:Function name="ExtraProp">
        <fes:Returns xmlns:xsd="http://www.w3.org/2001/XMLSchema">xsd:anyType</fes:Returns>
        <fes:Arguments>
          <fes:Argument name="arg1">
            <fes:Type xmlns:xsd="http://www.w3.org/2001/XMLSchema">xsd:string</fes:Type>
          </fes:Argument>
        </fes:Arguments>
      </fes:Function>
      <fes:Function name="GeometryFromWKT">
        <fes:Returns xmlns:gml="http://www.opengis.net/gml">gml:_Geometry</fes:Returns>
        <fes:Arguments>
          <fes:Argument name="arg1">
            <fes:Type xmlns:xsd="http://www.w3.org/2001/XMLSchema">xsd:string</fes:Type>
          </fes:Argument>
          <fes:Argument name="arg2">
            <fes:Type xmlns:xsd="http://www.w3.org/2001/XMLSchema">xsd:string</fes:Type>
          </fes:Argument>
        </fes:Arguments>
      </fes:Function>
      <fes:Function name="GeometryFromWKT">
        <fes:Returns xmlns:gml32="http://www.opengis.net/gml/3.2">gml32:AbstractGeometry</fes:Returns>
        <fes:Arguments>
          <fes:Argument name="arg1">
            <fes:Type xmlns:xsd="http://www.w3.org/2001/XMLSchema">xsd:string</fes:Type>
          </fes:Argument>
          <fes:Argument name="arg2">
            <fes:Type xmlns:xsd="http://www.w3.org/2001/XMLSchema">xsd:string</fes:Type>
          </fes:Argument>
        </fes:Arguments>
      </fes:Function>
      <fes:Function name="GetCurrentScale">
        <fes:Returns xmlns:xsd="http://www.w3.org/2001/XMLSchema">xsd:double</fes:Returns>
      </fes:Function>
      <fes:Function name="HatchingDistance">
        <fes:Returns xmlns:xsd="http://www.w3.org/2001/XMLSchema">xsd:double</fes:Returns>
        <fes:Arguments>
          <fes:Argument name="arg1">
            <fes:Type xmlns:xsd="http://www.w3.org/2001/XMLSchema">xsd:double</fes:Type>
          </fes:Argument>
          <fes:Argument name="arg2">
            <fes:Type xmlns:xsd="http://www.w3.org/2001/XMLSchema">xsd:double</fes:Type>
          </fes:Argument>
        </fes:Arguments>
      </fes:Function>
      <fes:Function name="IDiv">
        <fes:Returns xmlns:xsd="http://www.w3.org/2001/XMLSchema">xsd:integer</fes:Returns>
        <fes:Arguments>
          <fes:Argument name="arg1">
            <fes:Type xmlns:xsd="http://www.w3.org/2001/XMLSchema">xsd:integer</fes:Type>
          </fes:Argument>
          <fes:Argument name="arg2">
            <fes:Type xmlns:xsd="http://www.w3.org/2001/XMLSchema">xsd:integer</fes:Type>
          </fes:Argument>
        </fes:Arguments>
      </fes:Function>
      <fes:Function name="IMod">
        <fes:Returns xmlns:xsd="http://www.w3.org/2001/XMLSchema">xsd:integer</fes:Returns>
        <fes:Arguments>
          <fes:Argument name="arg1">
            <fes:Type xmlns:xsd="http://www.w3.org/2001/XMLSchema">xsd:integer</fes:Type>
          </fes:Argument>
          <fes:Argument name="arg2">
            <fes:Type xmlns:xsd="http://www.w3.org/2001/XMLSchema">xsd:integer</fes:Type>
          </fes:Argument>
        </fes:Arguments>
      </fes:Function>
      <fes:Function name="InteriorPoint">
        <fes:Returns xmlns:gml="http://www.opengis.net/gml">gml:Point</fes:Returns>
        <fes:Arguments>
          <fes:Argument name="arg1">
            <fes:Type xmlns:gml="http://www.opengis.net/gml">gml:_Geometry</fes:Type>
          </fes:Argument>
        </fes:Arguments>
      </fes:Function>
      <fes:Function name="InteriorPoint">
        <fes:Returns xmlns:gml32="http://www.opengis.net/gml/3.2">gml32:Point</fes:Returns>
        <fes:Arguments>
          <fes:Argument name="arg1">
            <fes:Type xmlns:gml32="http://www.opengis.net/gml/3.2">gml32:AbstractGeometry</fes:Type>
          </fes:Argument>
        </fes:Arguments>
      </fes:Function>
      <fes:Function name="IsCurve">
        <fes:Returns xmlns:xsd="http://www.w3.org/2001/XMLSchema">xsd:boolean</fes:Returns>
        <fes:Arguments>
          <fes:Argument name="arg1">
            <fes:Type xmlns:gml="http://www.opengis.net/gml">gml:_Geometry</fes:Type>
          </fes:Argument>
        </fes:Arguments>
      </fes:Function>
      <fes:Function name="IsCurve">
        <fes:Returns xmlns:xsd="http://www.w3.org/2001/XMLSchema">xsd:boolean</fes:Returns>
        <fes:Arguments>
          <fes:Argument name="arg1">
            <fes:Type xmlns:gml32="http://www.opengis.net/gml/3.2">gml32:AbstractGeometry</fes:Type>
          </fes:Argument>
        </fes:Arguments>
      </fes:Function>
      <fes:Function name="IsPoint">
        <fes:Returns xmlns:xsd="http://www.w3.org/2001/XMLSchema">xsd:boolean</fes:Returns>
        <fes:Arguments>
          <fes:Argument name="arg1">
            <fes:Type xmlns:gml="http://www.opengis.net/gml">gml:_Geometry</fes:Type>
          </fes:Argument>
        </fes:Arguments>
      </fes:Function>
      <fes:Function name="IsPoint">
        <fes:Returns xmlns:xsd="http://www.w3.org/2001/XMLSchema">xsd:boolean</fes:Returns>
        <fes:Arguments>
          <fes:Argument name="arg1">
            <fes:Type xmlns:gml32="http://www.opengis.net/gml/3.2">gml32:AbstractGeometry</fes:Type>
          </fes:Argument>
        </fes:Arguments>
      </fes:Function>
      <fes:Function name="IsSurface">
        <fes:Returns xmlns:xsd="http://www.w3.org/2001/XMLSchema">xsd:boolean</fes:Returns>
        <fes:Arguments>
          <fes:Argument name="arg1">
            <fes:Type xmlns:gml="http://www.opengis.net/gml">gml:_Geometry</fes:Type>
          </fes:Argument>
        </fes:Arguments>
      </fes:Function>
      <fes:Function name="IsSurface">
        <fes:Returns xmlns:xsd="http://www.w3.org/2001/XMLSchema">xsd:boolean</fes:Returns>
        <fes:Arguments>
          <fes:Argument name="arg1">
            <fes:Type xmlns:gml32="http://www.opengis.net/gml/3.2">gml32:AbstractGeometry</fes:Type>
          </fes:Argument>
        </fes:Arguments>
      </fes:Function>
      <fes:Function name="Length">
        <fes:Returns xmlns:xsd="http://www.w3.org/2001/XMLSchema">xsd:double</fes:Returns>
        <fes:Arguments>
          <fes:Argument name="arg1">
            <fes:Type xmlns:gml="http://www.opengis.net/gml">gml:_Geometry</fes:Type>
          </fes:Argument>
        </fes:Arguments>
      </fes:Function>
      <fes:Function name="Length">
        <fes:Returns xmlns:xsd="http://www.w3.org/2001/XMLSchema">xsd:double</fes:Returns>
        <fes:Arguments>
          <fes:Argument name="arg1">
            <fes:Type xmlns:gml32="http://www.opengis.net/gml/3.2">gml32:AbstractGeometry</fes:Type>
          </fes:Argument>
        </fes:Arguments>
      </fes:Function>
      <fes:Function name="Lower">
        <fes:Returns xmlns:xsd="http://www.w3.org/2001/XMLSchema">xsd:integer</fes:Returns>
        <fes:Arguments>
          <fes:Argument name="arg1">
            <fes:Type xmlns:xsd="http://www.w3.org/2001/XMLSchema">xsd:double</fes:Type>
          </fes:Argument>
        </fes:Arguments>
      </fes:Function>
      <fes:Function name="MoveGeometry">
        <fes:Returns xmlns:xsd="http://www.w3.org/2001/XMLSchema">xsd:double</fes:Returns>
        <fes:Arguments>
          <fes:Argument name="arg1">
            <fes:Type xmlns:gml="http://www.opengis.net/gml">gml:_Geometry</fes:Type>
          </fes:Argument>
        </fes:Arguments>
      </fes:Function>
      <fes:Function name="MoveGeometry">
        <fes:Returns xmlns:xsd="http://www.w3.org/2001/XMLSchema">xsd:double</fes:Returns>
        <fes:Arguments>
          <fes:Argument name="arg1">
            <fes:Type xmlns:gml32="http://www.opengis.net/gml/3.2">gml32:AbstractGeometry</fes:Type>
          </fes:Argument>
        </fes:Arguments>
      </fes:Function>
      <fes:Function name="Upper">
        <fes:Returns xmlns:xsd="http://www.w3.org/2001/XMLSchema">xsd:integer</fes:Returns>
        <fes:Arguments>
          <fes:Argument name="arg1">
            <fes:Type xmlns:xsd="http://www.w3.org/2001/XMLSchema">xsd:double</fes:Type>
          </fes:Argument>
        </fes:Arguments>
      </fes:Function>
    </fes:Functions>
  </fes:Filter_Capabilities>
</WFS_Capabilities>