<?xml version="1.0" encoding="UTF-8"?>
<wcs:Capabilities xmlns:wcs="http://www.opengis.net/wcs/2.0" xmlns:ows="http://www.opengis.net/ows/2.0" xmlns:ogc="http://www.opengis.net/ogc" xmlns:xsi="http://www.w3.org/2001/XMLSchema-instance" xmlns:xlink="http://www.w3.org/1999/xlink" xmlns:gml="http://www.opengis.net/gml/3.2" xmlns:gmlcov="http://www.opengis.net/gmlcov/1.0" xmlns:swe="http://www.opengis.net/swe/2.0" xmlns:inspire_common="http://inspire.ec.europa.eu/schemas/common/1.0" xmlns:inspire_dls="http://inspire.ec.europa.eu/schemas/inspire_dls/1.0" xmlns:crs="http://www.opengis.net/wcs/crs/1.0" xmlns:int="http://www.opengis.net/wcs/interpolation/1.0" xsi:schemaLocation="http://www.opengis.net/wcs/2.0 http://schemas.opengis.net/wcs/2.0/wcsAll.xsd http://inspire.ec.europa.eu/schemas/inspire_dls/1.0 http://inspire.ec.europa.eu/schemas/inspire_dls/1.0/inspire_dls.xsd" version="2.0.1">
  <ows:ServiceIdentification>
    <ows:Title>Downloaddienst: Geomorphografische Auswertungen (WCS-LBGR-GMK)</ows:Title>
    <ows:Abstract>Der Downloaddienst (WCS) Geomorphografische Auswertungen umfasst eine Sammlung geomorphometrischer und geomorphografischer Ableitungen, die aus dem Digitalen Höhenmodell für Brandenburg berechnet wurden. 1. Lokale Parameter: Hangneigung, Exposition, Divergenz-Konvergenz Index; 2. Komplexe Parameter: Höhe über Tiefenlinie (dicht), Höhe über Tiefenlinie (ausgedünnt), Tiefenlinien (dicht), Tiefenlinien (ausgedünnt), Kulminationslinien, Höhe unter Kulminationslinie, Potentieller Bodenfeuchteindex, Multiresolution Index for Valley Bottom Flatness; 3. Kombinierte Parameter: Scheitelbereichsindex, Terrain Classification Index for Lowlands; 4. Geomorphografische Karten: Reliefeinheiten 1, Reliefeinheiten 2 (glaziale Hochflächen undifferenziert), Reliefeinheiten 2 (glaziale Hochflächen differenziert), Senkenbereiche (klassifiziert), Geschlossene Hohlformen. Die Daten zu Tiefen- sowie Kulminationslinien werden ebenfalls als Vektordaten über einen über einen WFS-Dienst bereitgestellt. In diesem Dienst handelt es sich ausschließlich um Rasterdaten.</ows:Abstract>
    <ows:Keywords>
      <ows:Keyword>WCS</ows:Keyword>
      <ows:Keyword>infoCoverageAccessService</ows:Keyword>
      <ows:Keyword>Boden</ows:Keyword>
      <ows:Keyword>Bodenkunde</ows:Keyword>
      <ows:Keyword>Geologie</ows:Keyword>
      <ows:Keyword>Bodenfeuchtigkeit</ows:Keyword>
      <ows:Keyword>Geomorphologie</ows:Keyword>
      <ows:Keyword>Bodenfeuchteindex</ows:Keyword>
      <ows:Keyword>Exposition</ows:Keyword>
      <ows:Keyword>Geländeerhebung</ows:Keyword>
      <ows:Keyword>Geländemodell</ows:Keyword>
      <ows:Keyword>Hangneigung</ows:Keyword>
      <ows:Keyword>Hohlform</ows:Keyword>
      <ows:Keyword>Ableitungen</ows:Keyword>
      <ows:Keyword>Divergenz-KonvergenzIndex</ows:Keyword>
      <ows:Keyword>Klassifizierungen</ows:Keyword>
      <ows:Keyword>Kulminationslinie</ows:Keyword>
      <ows:Keyword>Landschaftseinheiten</ows:Keyword>
      <ows:Keyword>MultiresolutionIndex for Valley Bottom Flatness</ows:Keyword>
      <ows:Keyword>Neigung</ows:Keyword>
      <ows:Keyword>Reliefeinheiten</ows:Keyword>
      <ows:Keyword>Scheitelbereichsindex</ows:Keyword>
      <ows:Keyword>Senken</ows:Keyword>
      <ows:Keyword>Senkenbereiche</ows:Keyword>
      <ows:Keyword>Terrain Classification</ows:Keyword>
      <ows:Keyword>Tiefenlinien</ows:Keyword>
    </ows:Keywords>
    <ows:ServiceType codeSpace="OGC">OGC WCS</ows:ServiceType>
    <ows:ServiceTypeVersion>2.0.1</ows:ServiceTypeVersion>
    <ows:ServiceTypeVersion>1.1.1</ows:ServiceTypeVersion>
    <ows:ServiceTypeVersion>1.0.0</ows:ServiceTypeVersion>
    <ows:Profile>http://www.opengis.net/spec/WCS/2.0/conf/core</ows:Profile>
    <ows:Profile>http://www.opengis.net/spec/WCS_protocol-binding_get-kvp/1.0/conf/get-kvp</ows:Profile>
    <ows:Profile>http://www.opengis.net/spec/WCS_protocol-binding_post-xml/1.0/conf/post-xml</ows:Profile>
    <ows:Profile>http://www.opengis.net/spec/GMLCOV/1.0/conf/gml-coverage</ows:Profile>
    <ows:Profile>http://www.opengis.net/spec/GMLCOV/1.0/conf/multipart</ows:Profile>
    <ows:Profile>http://www.opengis.net/spec/GMLCOV/1.0/conf/special-format</ows:Profile>
    <ows:Profile>http://www.opengis.net/spec/GMLCOV_geotiff-coverages/1.0/conf/geotiff-coverage</ows:Profile>
    <ows:Profile>http://www.opengis.net/spec/WCS_service-extension_crs/1.0/conf/crs</ows:Profile>
    <ows:Profile>http://www.opengis.net/spec/WCS_service-extension_scaling/1.0/conf/scaling</ows:Profile>
    <ows:Profile>http://www.opengis.net/spec/WCS_service-extension_range-subsetting/1.0/conf/record-subsetting</ows:Profile>
    <ows:Profile>http://www.opengis.net/spec/WCS_service-extension_interpolation/1.0/conf/interpolation</ows:Profile>
    <ows:Fees>Nutzung erfolgt derzeit kostenfrei unter Beachtung des Urheberrechts.</ows:Fees>
    <ows:AccessConstraints>Die Daten können gemäß der „Datenlizenz Deutschland - Namensnennung - Version 2.0“ (https://www.govdata.de/dl-de/by-2-0) genutzt werden. Als Bezeichnung des Bereitstellers ist „© Landesamt für Bergbau, Geologie und Rohstoffe Brandenburg“ anzugeben.</ows:AccessConstraints>
  </ows:ServiceIdentification>
  <ows:ServiceProvider>
    <ows:ProviderName>Landesvermessung und Geobasisinformation Brandenburg (LGB)</ows:ProviderName>
    <ows:ProviderSite xlink:type="simple" xlink:href="https://geoportal.brandenburg.de/detailansichtdienst/render?view=gdibb&amp;url=https%3A%2F%2Fgeoportal.brandenburg.de%2Fgs-json%2Fxml%3Ffileid%3Dd8e7b761-e269-4086-8e8b-d7d7cce5aead"/>
    <ows:ServiceContact>
      <ows:IndividualName>INSPIRE-Zentrale im Land Brandenburg</ows:IndividualName>
      <ows:PositionName>Kundenservice</ows:PositionName>
      <ows:ContactInfo>
        <ows:Phone>
          <ows:Voice>+49-331-8844-123</ows:Voice>
          <ows:Facsimile>+49-331-8844-16123</ows:Facsimile>
        </ows:Phone>
        <ows:Address>
          <ows:DeliveryPoint>Heinrich-Mann-Allee 104 B</ows:DeliveryPoint>
          <ows:City>Potsdam</ows:City>
          <ows:AdministrativeArea>Brandenburg</ows:AdministrativeArea>
          <ows:PostalCode>14473</ows:PostalCode>
          <ows:Country>Deutschland</ows:Country>
          <ows:ElectronicMailAddress>zentrale@inspire.brandenburg.de</ows:ElectronicMailAddress>
        </ows:Address>
        <ows:OnlineResource xlink:type="simple" xlink:href="https://geoportal.brandenburg.de/detailansichtdienst/render?view=gdibb&amp;url=https%3A%2F%2Fgeoportal.brandenburg.de%2Fgs-json%2Fxml%3Ffileid%3Dd8e7b761-e269-4086-8e8b-d7d7cce5aead"/>
        <ows:HoursOfService/>
        <!--WARNING: Optional metadata "ows_hoursofservice" was missing for ows:HoursOfService-->
        <ows:ContactInstructions/>
        <!--WARNING: Optional metadata "ows_contactinstructions" was missing for ows:ContactInstructions-->
      </ows:ContactInfo>
      <ows:Role/>
      <!--WARNING: Optional metadata "ows_role" was missing for ows:Role-->
    </ows:ServiceContact>
  </ows:ServiceProvider>
  <ows:OperationsMetadata>
    <ows:Operation name="GetCapabilities">
      <ows:DCP>
        <ows:HTTP>
          <ows:Get xlink:type="simple" xlink:href="https://inspire.brandenburg.de/services/gmk_wcs?"/>
          <ows:Post xlink:type="simple" xlink:href="https://inspire.brandenburg.de/services/gmk_wcs?">
            <ows:Constraint name="PostEncoding">
              <ows:AllowedValues>
                <ows:Value>XML</ows:Value>
              </ows:AllowedValues>
            </ows:Constraint>
          </ows:Post>
        </ows:HTTP>
      </ows:DCP>
    </ows:Operation>
    <ows:Operation name="DescribeCoverage">
      <ows:DCP>
        <ows:HTTP>
          <ows:Get xlink:type="simple" xlink:href="https://inspire.brandenburg.de/services/gmk_wcs?"/>
          <ows:Post xlink:type="simple" xlink:href="https://inspire.brandenburg.de/services/gmk_wcs?">
            <ows:Constraint name="PostEncoding">
              <ows:AllowedValues>
                <ows:Value>XML</ows:Value>
              </ows:AllowedValues>
            </ows:Constraint>
          </ows:Post>
        </ows:HTTP>
      </ows:DCP>
    </ows:Operation>
    <ows:Operation name="GetCoverage">
      <ows:DCP>
        <ows:HTTP>
          <ows:Get xlink:type="simple" xlink:href="https://inspire.brandenburg.de/services/gmk_wcs?"/>
          <ows:Post xlink:type="simple" xlink:href="https://inspire.brandenburg.de/services/gmk_wcs?">
            <ows:Constraint name="PostEncoding">
              <ows:AllowedValues>
                <ows:Value>XML</ows:Value>
              </ows:AllowedValues>
            </ows:Constraint>
          </ows:Post>
        </ows:HTTP>
      </ows:DCP>
    </ows:Operation>
    <ows:ExtendedCapabilities>
      <inspire_dls:ExtendedCapabilities>
        <inspire_common:MetadataUrl xsi:type="inspire_common:resourceLocatorType">
          <inspire_common:URL>https://geoportal.brandenburg.de/gs-json/xml?fileid=d8e7b761-e269-4086-8e8b-d7d7cce5aead</inspire_common:URL>
          <inspire_common:MediaType>application/vnd.iso.19139+xml</inspire_common:MediaType>
        </inspire_common:MetadataUrl>
        <inspire_common:SupportedLanguages>
          <inspire_common:DefaultLanguage>
            <inspire_common:Language>ger</inspire_common:Language>
          </inspire_common:DefaultLanguage>
        </inspire_common:SupportedLanguages>
        <inspire_common:ResponseLanguage>
          <inspire_common:Language>ger</inspire_common:Language>
        </inspire_common:ResponseLanguage>
        <!--WARNING: "inspire_dsid_code" and "inspire_dsid_ns" have not the same number of elements. Ignoring inspire_dsid_ns-->
        <inspire_dls:SpatialDataSetIdentifier>
          <inspire_common:Code>ed915d6c-1c30-41d4-8234-21fa43201305</inspire_common:Code>
        </inspire_dls:SpatialDataSetIdentifier>
        <inspire_dls:SpatialDataSetIdentifier>
          <inspire_common:Code>c08bfa07-390c-4a67-a283-58101fcad231</inspire_common:Code>
        </inspire_dls:SpatialDataSetIdentifier>
        <inspire_dls:SpatialDataSetIdentifier>
          <inspire_common:Code>2faa0740-1c86-4321-9357-a57ae1bf5d33</inspire_common:Code>
        </inspire_dls:SpatialDataSetIdentifier>
        <inspire_dls:SpatialDataSetIdentifier>
          <inspire_common:Code>4109d0ae-6a59-4519-8d10-443467206d89</inspire_common:Code>
        </inspire_dls:SpatialDataSetIdentifier>
        <inspire_dls:SpatialDataSetIdentifier>
          <inspire_common:Code>173c5a3c-d4c9-46a9-924a-30639abd0720</inspire_common:Code>
        </inspire_dls:SpatialDataSetIdentifier>
        <inspire_dls:SpatialDataSetIdentifier>
          <inspire_common:Code>ef5b9b6d-5fc1-4cb0-b0c0-e112a0a10beb</inspire_common:Code>
        </inspire_dls:SpatialDataSetIdentifier>
        <inspire_dls:SpatialDataSetIdentifier>
          <inspire_common:Code>ad6c243e-8079-4276-a344-62a9a6ddbe0f</inspire_common:Code>
        </inspire_dls:SpatialDataSetIdentifier>
        <inspire_dls:SpatialDataSetIdentifier>
          <inspire_common:Code>78cf7a2f-8d7f-40c9-9ad3-277e66382fe6</inspire_common:Code>
        </inspire_dls:SpatialDataSetIdentifier>
        <inspire_dls:SpatialDataSetIdentifier>
          <inspire_common:Code>ecfc959d-0ffc-4108-89c4-9ac50ea10205</inspire_common:Code>
        </inspire_dls:SpatialDataSetIdentifier>
        <inspire_dls:SpatialDataSetIdentifier>
          <inspire_common:Code>75e5e37d-a1ea-41b8-9f40-163bd5e13a3c</inspire_common:Code>
        </inspire_dls:SpatialDataSetIdentifier>
        <inspire_dls:SpatialDataSetIdentifier>
          <inspire_common:Code>0106e9c8-14eb-4483-82c7-3b2cdecdeeeb</inspire_common:Code>
        </inspire_dls:SpatialDataSetIdentifier>
        <inspire_dls:SpatialDataSetIdentifier>
          <inspire_common:Code>949b5479-97f6-4a06-b45f-e095b0cbe82d</inspire_common:Code>
        </inspire_dls:SpatialDataSetIdentifier>
        <inspire_dls:SpatialDataSetIdentifier>
          <inspire_common:Code>e0ff2ace-a61f-46da-ac3b-0916b50b8c96</inspire_common:Code>
        </inspire_dls:SpatialDataSetIdentifier>
        <inspire_dls:SpatialDataSetIdentifier>
          <inspire_common:Code>5694505e-6ed1-4056-b9cd-d35f30e0cb6d</inspire_common:Code>
        </inspire_dls:SpatialDataSetIdentifier>
        <inspire_dls:SpatialDataSetIdentifier>
          <inspire_common:Code>fca28f4a-4520-4766-96ef-1e2537806292</inspire_common:Code>
        </inspire_dls:SpatialDataSetIdentifier>
        <inspire_dls:SpatialDataSetIdentifier>
          <inspire_common:Code>f75dd951-3a48-45e7-8e4b-e35a1597b977</inspire_common:Code>
        </inspire_dls:SpatialDataSetIdentifier>
        <inspire_dls:SpatialDataSetIdentifier>
          <inspire_common:Code>2a420abe-cfac-4804-acec-6dcdf69717d8</inspire_common:Code>
        </inspire_dls:SpatialDataSetIdentifier>
        <inspire_dls:SpatialDataSetIdentifier>
          <inspire_common:Code>bae5bcda-9b29-443b-9a31-f0b80a7b4fb1</inspire_common:Code>
        </inspire_dls:SpatialDataSetIdentifier>
        <inspire_dls:SpatialDataSetIdentifier>
          <inspire_common:Code>6b6f3790-5a5d-49cf-8146-a8f29189ad92</inspire_common:Code>
        </inspire_dls:SpatialDataSetIdentifier>
      </inspire_dls:ExtendedCapabilities>
    </ows:ExtendedCapabilities>
  </ows:OperationsMetadata>
  <wcs:ServiceMetadata>
    <wcs:formatSupported>image/jpeg</wcs:formatSupported>
    <wcs:formatSupported>image/png</wcs:formatSupported>
    <wcs:formatSupported>image/gif</wcs:formatSupported>
    <wcs:formatSupported>image/tiff</wcs:formatSupported>
    <wcs:formatSupported>image/png; mode=8bit</wcs:formatSupported>
    <wcs:formatSupported>image/vnd.jpeg-png</wcs:formatSupported>
    <wcs:formatSupported>image/vnd.jpeg-png8</wcs:formatSupported>
    <wcs:Extension>
      <int:InterpolationMetadata>
        <int:InterpolationSupported>NEAREST</int:InterpolationSupported>
        <int:InterpolationSupported>AVERAGE</int:InterpolationSupported>
        <int:InterpolationSupported>BILINEAR</int:InterpolationSupported>
      </int:InterpolationMetadata>
      <crs:CrsMetadata>
        <crs:crsSupported>http://www.opengis.net/def/crs/EPSG/0/25833</crs:crsSupported>
        <crs:crsSupported>http://www.opengis.net/def/crs/EPSG/0/25832</crs:crsSupported>
        <crs:crsSupported>http://www.opengis.net/def/crs/EPSG/0/4326</crs:crsSupported>
        <crs:crsSupported>http://www.opengis.net/def/crs/EPSG/0/4258</crs:crsSupported>
        <crs:crsSupported>http://www.opengis.net/def/crs/EPSG/0/3034</crs:crsSupported>
        <crs:crsSupported>http://www.opengis.net/def/crs/EPSG/0/3035</crs:crsSupported>
        <crs:crsSupported>http://www.opengis.net/def/crs/EPSG/0/3044</crs:crsSupported>
        <crs:crsSupported>http://www.opengis.net/def/crs/EPSG/0/3045</crs:crsSupported>
        <crs:crsSupported>http://www.opengis.net/def/crs/EPSG/0/3857</crs:crsSupported>
        <crs:crsSupported>http://www.opengis.net/def/crs/EPSG/0/4839</crs:crsSupported>
      </crs:CrsMetadata>
    </wcs:Extension>
  </wcs:ServiceMetadata>
  <wcs:Contents>
    <wcs:CoverageSummary>
      <wcs:CoverageId>neig</wcs:CoverageId>
      <wcs:CoverageSubtype>RectifiedGridCoverage</wcs:CoverageSubtype>
      <ows:Metadata xlink:type="simple" xlink:href="https://geoportal.brandenburg.de/gs-json/xml?fileid=173c5a3c-d4c9-46a9-924a-30639abd0720" about="ISO19115:2003" xlink:role="application/xml"/>
    </wcs:CoverageSummary>
    <wcs:CoverageSummary>
      <wcs:CoverageId>exp</wcs:CoverageId>
      <wcs:CoverageSubtype>RectifiedGridCoverage</wcs:CoverageSubtype>
      <ows:Metadata xlink:type="simple" xlink:href="https://geoportal.brandenburg.de/gs-json/xml?fileid=2faa0740-1c86-4321-9357-a57ae1bf5d33" about="ISO19115:2003" xlink:role="application/xml"/>
    </wcs:CoverageSummary>
    <wcs:CoverageSummary>
      <wcs:CoverageId>dki</wcs:CoverageId>
      <wcs:CoverageSubtype>RectifiedGridCoverage</wcs:CoverageSubtype>
      <ows:Metadata xlink:type="simple" xlink:href="https://geoportal.brandenburg.de/gs-json/xml?fileid=c08bfa07-390c-4a67-a283-58101fcad231" about="ISO19115:2003" xlink:role="application/xml"/>
    </wcs:CoverageSummary>
    <wcs:CoverageSummary>
      <wcs:CoverageId>hutl_dicht</wcs:CoverageId>
      <wcs:CoverageSubtype>RectifiedGridCoverage</wcs:CoverageSubtype>
      <ows:Metadata xlink:type="simple" xlink:href="https://geoportal.brandenburg.de/gs-json/xml?fileid=ad6c243e-8079-4276-a344-62a9a6ddbe0f" about="ISO19115:2003" xlink:role="application/xml"/>
    </wcs:CoverageSummary>
    <wcs:CoverageSummary>
      <wcs:CoverageId>hutl_ausgeduennt</wcs:CoverageId>
      <wcs:CoverageSubtype>RectifiedGridCoverage</wcs:CoverageSubtype>
      <ows:Metadata xlink:type="simple" xlink:href="https://geoportal.brandenburg.de/gs-json/xml?fileid=ef5b9b6d-5fc1-4cb0-b0c0-e112a0a10beb" about="ISO19115:2003" xlink:role="application/xml"/>
    </wcs:CoverageSummary>
    <wcs:CoverageSummary>
      <wcs:CoverageId>tfl_dicht</wcs:CoverageId>
      <wcs:CoverageSubtype>RectifiedGridCoverage</wcs:CoverageSubtype>
      <ows:Metadata xlink:type="simple" xlink:href="https://geoportal.brandenburg.de/gs-json/xml?fileid=6b6f3790-5a5d-49cf-8146-a8f29189ad92" about="ISO19115:2003" xlink:role="application/xml"/>
    </wcs:CoverageSummary>
    <wcs:CoverageSummary>
      <wcs:CoverageId>tfl_ausgeduennt</wcs:CoverageId>
      <wcs:CoverageSubtype>RectifiedGridCoverage</wcs:CoverageSubtype>
      <ows:Metadata xlink:type="simple" xlink:href="https://geoportal.brandenburg.de/gs-json/xml?fileid=2a420abe-cfac-4804-acec-6dcdf69717d8" about="ISO19115:2003" xlink:role="application/xml"/>
    </wcs:CoverageSummary>
    <wcs:CoverageSummary>
      <wcs:CoverageId>kull</wcs:CoverageId>
      <wcs:CoverageSubtype>RectifiedGridCoverage</wcs:CoverageSubtype>
      <ows:Metadata xlink:type="simple" xlink:href="https://geoportal.brandenburg.de/gs-json/xml?fileid=ecfc959d-0ffc-4108-89c4-9ac50ea10205" about="ISO19115:2003" xlink:role="application/xml"/>
    </wcs:CoverageSummary>
    <wcs:CoverageSummary>
      <wcs:CoverageId>huk</wcs:CoverageId>
      <wcs:CoverageSubtype>RectifiedGridCoverage</wcs:CoverageSubtype>
      <ows:Metadata xlink:type="simple" xlink:href="https://geoportal.brandenburg.de/gs-json/xml?fileid=78cf7a2f-8d7f-40c9-9ad3-277e66382fe6" about="ISO19115:2003" xlink:role="application/xml"/>
    </wcs:CoverageSummary>
    <wcs:CoverageSummary>
      <wcs:CoverageId>bfi</wcs:CoverageId>
      <wcs:CoverageSubtype>RectifiedGridCoverage</wcs:CoverageSubtype>
      <ows:Metadata xlink:type="simple" xlink:href="https://geoportal.brandenburg.de/gs-json/xml?fileid=0106e9c8-14eb-4483-82c7-3b2cdecdeeeb" about="ISO19115:2003" xlink:role="application/xml"/>
    </wcs:CoverageSummary>
    <wcs:CoverageSummary>
      <wcs:CoverageId>mivbf</wcs:CoverageId>
      <wcs:CoverageSubtype>RectifiedGridCoverage</wcs:CoverageSubtype>
      <ows:Metadata xlink:type="simple" xlink:href="https://geoportal.brandenburg.de/gs-json/xml?fileid=75e5e37d-a1ea-41b8-9f40-163bd5e13a3c" about="ISO19115:2003" xlink:role="application/xml"/>
    </wcs:CoverageSummary>
    <wcs:CoverageSummary>
      <wcs:CoverageId>sbi</wcs:CoverageId>
      <wcs:CoverageSubtype>RectifiedGridCoverage</wcs:CoverageSubtype>
      <ows:Metadata xlink:type="simple" xlink:href="https://geoportal.brandenburg.de/gs-json/xml?fileid=fca28f4a-4520-4766-96ef-1e2537806292" about="ISO19115:2003" xlink:role="application/xml"/>
    </wcs:CoverageSummary>
    <wcs:CoverageSummary>
      <wcs:CoverageId>tci</wcs:CoverageId>
      <wcs:CoverageSubtype>RectifiedGridCoverage</wcs:CoverageSubtype>
      <ows:Metadata xlink:type="simple" xlink:href="https://geoportal.brandenburg.de/gs-json/xml?fileid=f75dd951-3a48-45e7-8e4b-e35a1597b977" about="ISO19115:2003" xlink:role="application/xml"/>
    </wcs:CoverageSummary>
    <wcs:CoverageSummary>
      <wcs:CoverageId>kat1</wcs:CoverageId>
      <wcs:CoverageSubtype>RectifiedGridCoverage</wcs:CoverageSubtype>
      <ows:Metadata xlink:type="simple" xlink:href="https://geoportal.brandenburg.de/gs-json/xml?fileid=949b5479-97f6-4a06-b45f-e095b0cbe82d" about="ISO19115:2003" xlink:role="application/xml"/>
    </wcs:CoverageSummary>
    <wcs:CoverageSummary>
      <wcs:CoverageId>kat2_undiff</wcs:CoverageId>
      <wcs:CoverageSubtype>RectifiedGridCoverage</wcs:CoverageSubtype>
      <ows:Metadata xlink:type="simple" xlink:href="https://geoportal.brandenburg.de/gs-json/xml?fileid=5694505e-6ed1-4056-b9cd-d35f30e0cb6d" about="ISO19115:2003" xlink:role="application/xml"/>
    </wcs:CoverageSummary>
    <wcs:CoverageSummary>
      <wcs:CoverageId>kat2_diff</wcs:CoverageId>
      <wcs:CoverageSubtype>RectifiedGridCoverage</wcs:CoverageSubtype>
      <ows:Metadata xlink:type="simple" xlink:href="https://geoportal.brandenburg.de/gs-json/xml?fileid=e0ff2ace-a61f-46da-ac3b-0916b50b8c96" about="ISO19115:2003" xlink:role="application/xml"/>
    </wcs:CoverageSummary>
    <wcs:CoverageSummary>
      <wcs:CoverageId>senk</wcs:CoverageId>
      <wcs:CoverageSubtype>RectifiedGridCoverage</wcs:CoverageSubtype>
      <ows:Metadata xlink:type="simple" xlink:href="https://geoportal.brandenburg.de/gs-json/xml?fileid=bae5bcda-9b29-443b-9a31-f0b80a7b4fb1" about="ISO19115:2003" xlink:role="application/xml"/>
    </wcs:CoverageSummary>
    <wcs:CoverageSummary>
      <wcs:CoverageId>ghf</wcs:CoverageId>
      <wcs:CoverageSubtype>RectifiedGridCoverage</wcs:CoverageSubtype>
      <ows:Metadata xlink:type="simple" xlink:href="https://geoportal.brandenburg.de/gs-json/xml?fileid=4109d0ae-6a59-4519-8d10-443467206d89" about="ISO19115:2003" xlink:role="application/xml"/>
    </wcs:CoverageSummary>
  </wcs:Contents>
</wcs:Capabilities>
